Time (s) Triangle,Voltage, Ch A (V) Triangle,Current, Ch B (A) Triangle,InductorV (V) Triangle,Slope (A/s) Triangle,Time (s) Sine,Voltage, Ch A (V) Sine,Current, Ch B (A) Sine,InductorV (V) Sine,Slope (A/s) Sine,Time (s) Square,Voltage, Ch A (V) Square,Current, Ch B (A) Square,InductorV (V) Square,Slope (A/s) Square
0.000,0.799,-0.002,0.87,,0.000,-1.645,-0.012,-1.26,,0.000,1.545,0.048,-0.02,
5.000E-5,,,,39.18,5.000E-5,,,,-53.96,5.000E-5,,,,0.49
1.000E-4,0.925,0.002,0.87,,1.000E-4,-1.765,-0.017,-1.20,,1.000E-4,1.545,0.048,-0.03,
1.500E-4,,,,37.23,1.500E-4,,,,-50.90,1.500E-4,,,,0.00
2.000E-4,1.049,0.006,0.87,,2.000E-4,-1.856,-0.022,-1.12,,2.000E-4,1.542,0.048,-0.03,
2.500E-4,,,,38.70,2.500E-4,,,,-48.10,2.500E-4,,,,-0.24
3.000E-4,1.173,0.009,0.86,,3.000E-4,-1.918,-0.027,-1.03,,3.000E-4,1.543,0.048,-0.03,
3.500E-4,,,,37.48,3.500E-4,,,,-41.87,3.500E-4,,,,0.85
4.000E-4,1.297,0.013,0.86,,4.000E-4,-1.950,-0.031,-0.92,,4.000E-4,1.543,0.048,-0.03,
4.500E-4,,,,36.99,4.500E-4,,,,-37.11,4.500E-4,,,,-9.16
5.000E-4,1.420,0.017,0.86,,5.000E-4,-1.950,-0.035,-0.80,,5.000E-4,-0.354,0.047,-1.90,
5.500E-4,,,,38.70,5.500E-4,,,,-33.33,5.500E-4,,,,-209.23
6.000E-4,1.543,0.021,0.86,,6.000E-4,-1.921,-0.038,-0.66,,6.000E-4,-5.314,0.026,-6.17,
6.500E-4,,,,37.72,6.500E-4,,,,-26.49,6.500E-4,,,,-223.88
7.000E-4,1.667,0.024,0.86,,7.000E-4,-1.862,-0.041,-0.51,,7.000E-4,-4.165,0.003,-4.28,
7.500E-4,,,,36.87,7.500E-4,,,,-19.04,7.500E-4,,,,-154.79
8.000E-4,1.790,0.028,0.86,,8.000E-4,-1.772,-0.043,-0.36,,8.000E-4,-3.365,-0.012,-2.97,
8.500E-4,,,,38.09,8.500E-4,,,,-14.40,8.500E-4,,,,-107.79
9.000E-4,1.913,0.032,0.86,,9.000E-4,-1.655,-0.044,-0.19,,9.000E-4,-2.811,-0.023,-2.06,
9.500E-4,,,,37.23,9.500E-4,,,,-2.93,9.500E-4,,,,-73.24
0.001,2.029,0.036,0.85,,0.001,-1.510,-0.045,-0.04,,0.001,-2.423,-0.030,-1.43,
0.001,,,,32.59,0.001,,,,-1.10,0.001,,,,-52.98
0.001,1.780,0.039,0.49,,0.001,-1.345,-0.045,0.13,,0.001,-2.153,-0.035,-0.98,
0.001,,,,14.53,0.001,,,,7.69,0.001,,,,-36.87
0.001,1.396,0.040,0.06,,0.001,-1.155,-0.044,0.29,,0.001,-1.968,-0.039,-0.68,
0.001,,,,-4.15,0.001,,,,15.01,0.001,,,,-25.63
0.001,1.090,0.040,-0.23,,0.001,-0.949,-0.042,0.45,,0.001,-1.837,-0.042,-0.46,
0.001,,,,-14.16,0.001,,,,22.71,0.001,,,,-17.46
0.001,0.838,0.039,-0.43,,0.001,-0.727,-0.040,0.60,,0.001,-1.746,-0.043,-0.31,
0.001,,,,-20.26,0.001,,,,27.71,0.001,,,,-11.84
0.002,0.628,0.037,-0.58,,0.002,-0.494,-0.037,0.74,,0.002,-1.685,-0.045,-0.21,
0.002,,,,-26.61,0.002,,,,34.06,0.002,,,,-9.64
0.002,0.445,0.034,-0.67,,0.002,-0.253,-0.034,0.87,,0.002,-1.641,-0.046,-0.14,
0.002,,,,-29.17,0.002,,,,40.77,0.002,,,,-5.62
0.002,0.279,0.031,-0.74,,0.002,-0.007,-0.030,0.98,,0.002,-1.611,-0.046,-0.09,
0.002,,,,-32.84,0.002,,,,43.58,0.002,,,,-2.69
0.002,0.126,0.028,-0.79,,0.002,0.238,-0.026,1.08,,0.002,-1.590,-0.046,-0.06,
0.002,,,,-33.94,0.002,,,,47.24,0.002,,,,-2.81
0.002,-0.017,0.024,-0.82,,0.002,0.478,-0.021,1.16,,0.002,-1.575,-0.047,-0.03,
0.002,,,,-34.42,0.002,,,,51.64,0.002,,,,-2.20
0.002,-0.155,0.021,-0.84,,0.002,0.712,-0.016,1.23,,0.002,-1.565,-0.047,-0.02,
0.002,,,,-36.62,0.002,,,,53.71,0.002,,,,-3.42
0.002,-0.288,0.017,-0.86,,0.002,0.935,-0.010,1.27,,0.002,-1.558,-0.047,7.17E-4,
0.002,,,,-34.91,0.002,,,,56.15,0.002,,,,0.24
0.002,-0.418,0.014,-0.87,,0.002,1.142,-0.005,1.30,,0.002,-1.552,-0.047,0.01,
0.002,,,,-38.33,0.002,,,,56.76,0.002,,,,-0.73
0.002,-0.546,0.010,-0.87,,0.002,1.332,0.001,1.30,,0.002,-1.550,-0.047,0.01,
0.002,,,,-39.06,0.002,,,,56.64,0.002,,,,0.12
0.002,-0.673,0.006,-0.87,,0.002,1.501,0.007,1.28,,0.002,-1.546,-0.047,0.01,
0.002,,,,-35.28,0.002,,,,55.42,0.002,,,,0.37
0.003,-0.798,0.002,-0.88,,0.003,1.646,0.012,1.24,,0.003,-1.544,-0.047,0.01,
0.003,,,,-37.84,0.003,,,,51.88,0.003,,,,-2.20
0.003,-0.922,-0.001,-0.88,,0.003,1.765,0.017,1.19,,0.003,-1.544,-0.047,0.02,
0.003,,,,-38.09,0.003,,,,50.78,0.003,,,,0.12
0.003,-1.047,-0.005,-0.88,,0.003,1.856,0.023,1.11,,0.003,-1.544,-0.047,0.02,
0.003,,,,-39.06,0.003,,,,46.39,0.003,,,,0.61
0.003,-1.172,-0.009,-0.87,,0.003,1.918,0.027,1.02,,0.003,-1.542,-0.047,0.02,
0.003,,,,-36.01,0.003,,,,43.46,0.003,,,,0.00
0.003,-1.295,-0.013,-0.88,,0.003,1.950,0.032,0.91,,0.003,-1.542,-0.047,0.02,
0.003,,,,-39.31,0.003,,,,37.23,0.003,,,,8.91
0.003,-1.420,-0.017,-0.87,,0.003,1.951,0.035,0.79,,0.003,0.356,-0.047,1.89,
0.003,,,,-37.11,0.003,,,,33.57,0.003,,,,210.33
0.003,-1.542,-0.020,-0.87,,0.003,1.923,0.039,0.65,,0.003,5.315,-0.025,6.16,
0.003,,,,-37.96,0.003,,,,25.63,0.003,,,,222.53
0.003,-1.665,-0.024,-0.87,,0.003,1.862,0.041,0.50,,0.003,4.165,-0.003,4.27,
0.003,,,,-38.70,0.003,,,,20.26,0.003,,,,154.91
0.003,-1.790,-0.028,-0.87,,0.003,1.772,0.043,0.35,,0.003,3.365,0.012,2.96,
0.003,,,,-37.96,0.003,,,,11.11,0.003,,,,106.69
0.003,-1.913,-0.032,-0.86,,0.003,1.655,0.044,0.19,,0.003,2.811,0.023,2.05,
0.003,,,,-38.09,0.003,,,,6.71,0.003,,,,75.56
0.004,-2.028,-0.036,-0.85,,0.004,1.512,0.045,0.03,,0.004,2.424,0.030,1.42,
0.004,,,,-30.64,0.004,,,,-1.34,0.004,,,,52.12
0.004,-1.779,-0.039,-0.50,,0.004,1.344,0.045,-0.13,,0.004,2.155,0.036,0.98,
0.004,,,,-15.01,0.004,,,,-7.45,0.004,,,,37.96
0.004,-1.395,-0.040,-0.07,,0.004,1.156,0.044,-0.30,,0.004,1.969,0.040,0.67,
0.004,,,,3.30,0.004,,,,-16.48,0.004,,,,24.54
0.004,-1.089,-0.040,0.22,,0.004,0.948,0.042,-0.45,,0.004,1.838,0.042,0.45,
0.004,,,,14.40,0.004,,,,-21.00,0.004,,,,17.09
0.004,-0.839,-0.038,0.43,,0.004,0.727,0.040,-0.60,,0.004,1.749,0.044,0.31,
0.004,,,,21.12,0.004,,,,-26.86,0.004,,,,12.82
0.004,-0.628,-0.036,0.57,,0.004,0.495,0.038,-0.75,,0.004,1.686,0.045,0.20,
0.004,,,,24.78,0.004,,,,-34.67,0.004,,,,7.93
0.004,-0.444,-0.034,0.67,,0.004,0.255,0.034,-0.87,,0.004,1.643,0.046,0.13,
0.004,,,,31.25,0.004,,,,-39.79,0.004,,,,5.25
0.004,-0.278,-0.031,0.73,,0.004,0.008,0.030,-0.99,,0.004,1.610,0.046,0.08,
0.004,,,,31.01,0.004,,,,-44.19,0.004,,,,5.13
0.004,-0.125,-0.028,0.78,,0.004,-0.236,0.026,-1.09,,0.004,1.590,0.047,0.05,
0.004,,,,34.42,0.004,,,,-46.87,0.004,,,,1.95
0.004,0.019,-0.024,0.82,,0.004,-0.477,0.021,-1.17,,0.004,1.575,0.047,0.02,
0.004,,,,36.62,0.004,,,,-52.25,0.004,,,,2.08
0.005,0.157,-0.020,0.83,,0.005,-0.710,0.016,-1.23,,0.005,1.564,0.047,0.01,
0.005,,,,36.74,0.005,,,,-52.49,0.005,,,,0.49
0.005,0.290,-0.017,0.84,,0.005,-0.932,0.011,-1.28,,0.005,1.557,0.047,0.00,
0.005,,,,34.30,0.005,,,,-56.52,0.005,,,,2.81
0.005,0.420,-0.013,0.86,,0.005,-1.140,0.005,-1.30,,0.005,1.553,0.048,-0.02,
0.005,,,,37.11,0.005,,,,-57.25,0.005,,,,-0.37
0.005,0.549,-0.010,0.87,,0.005,-1.331,-7.629E-4,-1.31,,0.005,1.549,0.047,-0.02,
0.005,,,,37.60,0.005,,,,-56.40,0.005,,,,-0.98
0.005,0.674,-0.006,0.87,,0.005,-1.499,-0.006,-1.29,,0.005,1.546,0.047,-0.02,
0.005,,,,38.70,0.005,,,,-54.44,0.005,,,,2.20
0.005,0.799,-0.002,0.87,,0.005,-1.645,-0.012,-1.25,,0.005,1.546,0.048,-0.03,
0.005,,,,36.25,0.005,,,,-52.73,0.005,,,,-0.24
0.005,0.924,0.002,0.87,,0.005,-1.764,-0.017,-1.20,,0.005,1.544,0.048,-0.03,
0.005,,,,39.43,0.005,,,,-49.19,0.005,,,,-0.12
0.005,1.049,0.006,0.87,,0.005,-1.855,-0.022,-1.13,,0.005,1.544,0.048,-0.03,
0.005,,,,37.60,0.005,,,,-48.71,0.005,,,,1.59
0.005,1.172,0.009,0.87,,0.005,-1.918,-0.027,-1.03,,0.005,1.543,0.048,-0.03,
0.005,,,,37.96,0.005,,,,-43.46,0.005,,,,-0.49
0.005,1.296,0.013,0.86,,0.005,-1.949,-0.031,-0.92,,0.005,1.543,0.048,-0.03,
0.005,,,,36.62,0.005,,,,-37.23,0.005,,,,-9.03
0.006,1.419,0.017,0.87,,0.006,-1.950,-0.035,-0.80,,0.006,-0.355,0.047,-1.90,
0.006,,,,38.70,0.006,,,,-32.71,0.006,,,,-209.72
0.006,1.544,0.021,0.86,,0.006,-1.921,-0.038,-0.66,,0.006,-5.314,0.026,-6.17,
0.006,,,,38.09,0.006,,,,-27.34,0.006,,,,-224.85
0.006,1.667,0.024,0.86,,0.006,-1.862,-0.041,-0.51,,0.006,-4.165,0.003,-4.27,
0.006,,,,37.96,0.006,,,,-18.55,0.006,,,,-153.44
0.006,1.790,0.028,0.86,,0.006,-1.772,-0.043,-0.36,,0.006,-3.365,-0.012,-2.97,
0.006,,,,37.72,0.006,,,,-11.84,0.006,,,,-108.15
0.006,1.913,0.032,0.86,,0.006,-1.655,-0.044,-0.20,,0.006,-2.810,-0.023,-2.06,
0.006,,,,38.94,0.006,,,,-7.32,0.006,,,,-74.10
0.006,2.030,0.036,0.85,,0.006,-1.511,-0.045,-0.03,,0.006,-2.423,-0.030,-1.42,
0.006,,,,30.52,0.006,,,,2.20,0.006,,,,-52.73
0.006,1.780,0.039,0.49,,0.006,-1.344,-0.045,0.13,,0.006,-2.154,-0.036,-0.98,
0.006,,,,13.31,0.006,,,,7.32,0.006,,,,-35.64
0.006,1.395,0.040,0.07,,0.006,-1.155,-0.044,0.29,,0.006,-1.967,-0.039,-0.68,
0.006,,,,-3.78,0.006,,,,14.65,0.006,,,,-24.78
0.006,1.090,0.040,-0.23,,0.006,-0.947,-0.042,0.45,,0.006,-1.837,-0.042,-0.47,
0.006,,,,-12.08,0.006,,,,21.97,0.006,,,,-18.43
0.006,0.840,0.039,-0.44,,0.006,-0.727,-0.040,0.60,,0.006,-1.747,-0.043,-0.31,
0.006,,,,-21.97,0.006,,,,28.93,0.006,,,,-11.96
0.007,0.628,0.037,-0.58,,0.007,-0.494,-0.037,0.74,,0.007,-1.685,-0.045,-0.21,
0.007,,,,-25.63,0.007,,,,34.18,0.007,,,,-8.67
0.007,0.445,0.034,-0.67,,0.007,-0.253,-0.034,0.86,,0.007,-1.641,-0.045,-0.14,
0.007,,,,-30.52,0.007,,,,39.79,0.007,,,,-5.98
0.007,0.279,0.031,-0.74,,0.007,-0.008,-0.030,0.98,,0.007,-1.611,-0.046,-0.09,
0.007,,,,-32.96,0.007,,,,42.97,0.007,,,,-3.30
0.007,0.126,0.028,-0.79,,0.007,0.238,-0.026,1.08,,0.007,-1.588,-0.046,-0.06,
0.007,,,,-32.10,0.007,,,,47.85,0.007,,,,-2.08
0.007,-0.017,0.024,-0.82,,0.007,0.479,-0.021,1.16,,0.007,-1.574,-0.047,-0.04,
0.007,,,,-35.03,0.007,,,,51.88,0.007,,,,-3.66
0.007,-0.155,0.021,-0.84,,0.007,0.711,-0.016,1.23,,0.007,-1.565,-0.047,-0.01,
0.007,,,,-35.52,0.007,,,,55.05,0.007,,,,-1.22
0.007,-0.289,0.017,-0.86,,0.007,0.935,-0.010,1.27,,0.007,-1.558,-0.047,0.00,
0.007,,,,-38.33,0.007,,,,54.20,0.007,,,,-1.34
0.007,-0.420,0.013,-0.86,,0.007,1.142,-0.005,1.30,,0.007,-1.553,-0.047,0.01,
0.007,,,,-36.99,0.007,,,,55.79,0.007,,,,-0.12
0.007,-0.546,0.010,-0.87,,0.007,1.332,9.216E-4,1.30,,0.007,-1.550,-0.047,0.01,
0.007,,,,-37.72,0.007,,,,56.76,0.007,,,,-0.61
0.007,-0.672,0.006,-0.87,,0.007,1.501,0.007,1.28,,0.007,-1.547,-0.047,0.01,
0.007,,,,-36.13,0.007,,,,54.81,0.007,,,,-0.61
0.008,-0.798,0.002,-0.88,,0.008,1.646,0.012,1.25,,0.008,-1.545,-0.047,0.02,
0.008,,,,-38.57,0.008,,,,53.10,0.008,,,,1.22
0.008,-0.923,-0.001,-0.87,,0.008,1.765,0.017,1.19,,0.008,-1.543,-0.047,0.02,
0.008,,,,-38.45,0.008,,,,50.17,0.008,,,,-1.59
0.008,-1.047,-0.005,-0.87,,0.008,1.856,0.022,1.12,,0.008,-1.543,-0.047,0.02,
0.008,,,,-37.96,0.008,,,,48.71,0.008,,,,0.24
0.008,-1.172,-0.009,-0.87,,0.008,1.918,0.027,1.02,,0.008,-1.542,-0.047,0.02,
0.008,,,,-37.11,0.008,,,,40.41,0.008,,,,-0.37
0.008,-1.296,-0.013,-0.87,,0.008,1.950,0.031,0.92,,0.008,-1.542,-0.047,0.02,
0.008,,,,-38.82,0.008,,,,38.82,0.008,,,,9.16
0.008,-1.419,-0.017,-0.87,,0.008,1.951,0.035,0.79,,0.008,0.358,-0.047,1.89,
0.008,,,,-36.62,0.008,,,,31.86,0.008,,,,210.08
0.008,-1.543,-0.020,-0.87,,0.008,1.922,0.038,0.66,,0.008,5.314,-0.025,6.16,
0.008,,,,-38.82,0.008,,,,26.25,0.008,,,,221.56
0.008,-1.666,-0.024,-0.87,,0.008,1.862,0.041,0.51,,0.008,4.165,-0.003,4.27,
0.008,,,,-37.60,0.008,,,,21.12,0.008,,,,156.62
0.008,-1.790,-0.028,-0.87,,0.008,1.773,0.043,0.35,,0.008,3.366,0.012,2.96,
0.008,,,,-38.82,0.008,,,,12.08,0.008,,,,106.32
0.008,-1.913,-0.032,-0.86,,0.008,1.655,0.044,0.19,,0.008,2.811,0.023,2.05,
0.008,,,,-38.09,0.008,,,,6.96,0.008,,,,75.81
0.009,-2.028,-0.036,-0.85,,0.009,1.512,0.045,0.03,,0.009,2.424,0.031,1.42,
0.009,,,,-31.13,0.009,,,,-2.44,0.009,,,,51.39
0.009,-1.780,-0.039,-0.50,,0.009,1.345,0.045,-0.13,,0.009,2.156,0.036,0.98,
0.009,,,,-12.82,0.009,,,,-8.06,0.009,,,,36.74
0.009,-1.395,-0.040,-0.07,,0.009,1.156,0.044,-0.30,,0.009,1.968,0.039,0.67,
0.009,,,,2.69,0.009,,,,-15.26,0.009,,,,24.90
0.009,-1.089,-0.040,0.22,,0.009,0.948,0.042,-0.45,,0.009,1.838,0.042,0.46,
0.009,,,,12.21,0.009,,,,-20.75,0.009,,,,18.43
0.009,-0.840,-0.039,0.43,,0.009,0.728,0.040,-0.60,,0.009,1.748,0.044,0.31,
0.009,,,,22.22,0.009,,,,-28.44,0.009,,,,11.35
0.009,-0.629,-0.036,0.57,,0.009,0.496,0.038,-0.74,,0.009,1.685,0.045,0.21,
0.009,,,,25.15,0.009,,,,-33.33,0.009,,,,9.77
0.009,-0.444,-0.034,0.67,,0.009,0.255,0.034,-0.87,,0.009,1.641,0.046,0.13,
0.009,,,,30.15,0.009,,,,-40.89,0.009,,,,5.49
0.009,-0.277,-0.031,0.74,,0.009,0.008,0.030,-0.99,,0.009,1.611,0.046,0.08,
0.009,,,,32.47,0.009,,,,-42.97,0.009,,,,3.05
0.009,-0.125,-0.028,0.79,,0.009,-0.236,0.026,-1.09,,0.009,1.590,0.047,0.05,
0.009,,,,34.79,0.009,,,,-47.97,0.009,,,,3.42
0.009,0.019,-0.024,0.81,,0.009,-0.477,0.021,-1.17,,0.009,1.574,0.047,0.02,
0.009,,,,36.25,0.009,,,,-50.05,0.009,,,,1.22
0.010,0.157,-0.020,0.83,,0.010,-0.710,0.016,-1.24,,0.010,1.564,0.047,0.01,
0.010,,,,35.89,0.010,,,,-55.91,0.010,,,,1.46
0.010,0.291,-0.017,0.85,,0.010,-0.933,0.010,-1.28,,0.010,1.558,0.047,0.00,
0.010,,,,35.77,0.010,,,,-55.91,0.010,,,,0.98
0.010,0.421,-0.013,0.86,,0.010,-1.141,0.005,-1.30,,0.010,1.553,0.047,-0.01,
0.010,,,,36.50,0.010,,,,-55.05,0.010,,,,2.69
0.010,0.548,-0.010,0.87,,0.010,-1.330,-6.775E-4,-1.31,,0.010,1.550,0.048,-0.02,
0.010,,,,36.87,0.010,,,,-56.64,0.010,,,,-0.12
0.010,0.673,-0.006,0.87,,0.010,-1.500,-0.006,-1.29,,0.010,1.548,0.048,-0.02,
0.010,,,,40.04,0.010,,,,-54.44,0.010,,,,0.37
0.010,0.800,-0.002,0.86,,0.010,-1.646,-0.012,-1.26,,0.010,1.546,0.048,-0.03,
0.010,,,,35.89,0.010,,,,-54.20,0.010,,,,-0.12
0.010,0.924,0.002,0.87,,0.010,-1.765,-0.017,-1.20,,0.010,1.544,0.048,-0.03,
0.010,,,,38.70,0.010,,,,-51.27,0.010,,,,0.61
0.010,1.049,0.005,0.87,,0.010,-1.856,-0.022,-1.12,,0.010,1.544,0.048,-0.03,
0.010,,,,36.74,0.010,,,,-45.41,0.010,,,,-1.71
0.010,1.172,0.009,0.87,,0.010,-1.917,-0.027,-1.03,,0.010,1.542,0.048,-0.03,
0.010,,,,39.31,0.010,,,,-43.82,0.010,,,,-0.37
0.010,1.296,0.013,0.86,,0.010,-1.950,-0.031,-0.92,,0.010,1.542,0.047,-0.03,
0.010,,,,37.96,0.010,,,,-36.25,0.010,,,,-7.45
0.011,1.420,0.017,0.86,,0.011,-1.950,-0.035,-0.80,,0.011,-0.358,0.047,-1.90,
0.011,,,,38.82,0.011,,,,-35.64,0.011,,,,-209.11
0.011,1.543,0.021,0.86,,0.011,-1.922,-0.038,-0.65,,0.011,-5.314,0.026,-6.17,
0.011,,,,35.64,0.011,,,,-23.80,0.011,,,,-224.85
0.011,1.666,0.024,0.86,,0.011,-1.862,-0.041,-0.51,,0.011,-4.164,0.003,-4.27,
0.011,,,,39.43,0.011,,,,-20.02,0.011,,,,-153.44
0.011,1.791,0.028,0.86,,0.011,-1.772,-0.043,-0.36,,0.011,-3.365,-0.012,-2.97,
0.011,,,,37.72,0.011,,,,-13.31,0.011,,,,-107.91
0.011,1.914,0.032,0.86,,0.011,-1.655,-0.044,-0.20,,0.011,-2.810,-0.023,-2.06,
0.011,,,,38.33,0.011,,,,-5.49,0.011,,,,-75.20
0.011,2.030,0.036,0.85,,0.011,-1.511,-0.045,-0.04,,0.011,-2.423,-0.030,-1.42,
0.011,,,,30.88,0.011,,,,0.00,0.011,,,,-52.37
0.011,1.780,0.039,0.49,,0.011,-1.344,-0.045,0.13,,0.011,-2.153,-0.036,-0.98,
0.011,,,,12.94,0.011,,,,8.79,0.011,,,,-36.13
0.011,1.395,0.040,0.07,,0.011,-1.155,-0.044,0.29,,0.011,-1.967,-0.039,-0.68,
0.011,,,,-2.93,0.011,,,,13.79,0.011,,,,-25.02
0.011,1.089,0.040,-0.23,,0.011,-0.949,-0.042,0.45,,0.011,-1.838,-0.042,-0.46,
0.011,,,,-14.04,0.011,,,,22.95,0.011,,,,-19.53
0.011,0.840,0.039,-0.43,,0.011,-0.726,-0.040,0.60,,0.011,-1.747,-0.044,-0.31,
0.011,,,,-20.75,0.011,,,,27.95,0.011,,,,-11.60
0.011,0.629,0.036,-0.58,,0.011,-0.495,-0.037,0.74,,0.011,-1.684,-0.045,-0.21,
0.012,,,,-26.12,0.012,,,,35.28,0.012,,,,-7.08
0.012,0.445,0.034,-0.67,,0.012,-0.252,-0.034,0.86,,0.012,-1.641,-0.045,-0.14,
0.012,,,,-29.17,0.012,,,,39.31,0.012,,,,-6.23
0.012,0.279,0.031,-0.74,,0.012,-0.007,-0.030,0.98,,0.012,-1.610,-0.046,-0.09,
0.012,,,,-31.86,0.012,,,,42.85,0.012,,,,-3.91
0.012,0.127,0.028,-0.79,,0.012,0.237,-0.026,1.08,,0.012,-1.590,-0.046,-0.06,
0.012,,,,-32.84,0.012,,,,49.44,0.012,,,,-2.32
0.012,-0.017,0.024,-0.83,,0.012,0.479,-0.021,1.16,,0.012,-1.575,-0.047,-0.03,
0.012,,,,-36.50,0.012,,,,50.42,0.012,,,,-2.08
0.012,-0.156,0.021,-0.84,,0.012,0.712,-0.016,1.23,,0.012,-1.565,-0.047,-0.02,
0.012,,,,-36.38,0.012,,,,53.22,0.012,,,,-1.46
0.012,-0.288,0.017,-0.86,,0.012,0.933,-0.010,1.27,,0.012,-1.559,-0.047,-0.01,
0.012,,,,-38.09,0.012,,,,57.62,0.012,,,,-1.71
0.012,-0.419,0.013,-0.86,,0.012,1.142,-0.005,1.29,,0.012,-1.553,-0.047,0.01,
0.012,,,,-35.77,0.012,,,,56.52,0.012,,,,-0.73
0.012,-0.546,0.010,-0.87,,0.012,1.332,0.001,1.30,,0.012,-1.548,-0.047,0.01,
0.012,,,,-37.35,0.012,,,,54.44,0.012,,,,0.61
0.012,-0.672,0.006,-0.87,,0.012,1.500,0.007,1.28,,0.012,-1.547,-0.047,0.01,
0.012,,,,-37.72,0.012,,,,56.27,0.012,,,,0.61
0.013,-0.798,0.002,-0.87,,0.013,1.647,0.012,1.24,,0.013,-1.545,-0.047,0.01,
0.013,,,,-36.62,0.013,,,,52.49,0.013,,,,-1.46
0.013,-0.922,-0.001,-0.88,,0.013,1.765,0.017,1.19,,0.013,-1.543,-0.047,0.02,
0.013,,,,-38.45,0.013,,,,51.27,0.013,,,,-0.73
0.013,-1.047,-0.005,-0.88,,0.013,1.856,0.023,1.11,,0.013,-1.544,-0.047,0.02,
0.013,,,,-37.84,0.013,,,,47.00,0.013,,,,0.85
0.013,-1.171,-0.009,-0.87,,0.013,1.918,0.027,1.02,,0.013,-1.542,-0.047,0.02,
0.013,,,,-38.09,0.013,,,,41.38,0.013,,,,-0.73
0.013,-1.295,-0.013,-0.87,,0.013,1.950,0.031,0.91,,0.013,-1.542,-0.047,0.02,
0.013,,,,-38.09,0.013,,,,38.70,0.013,,,,10.74
0.013,-1.419,-0.017,-0.87,,0.013,1.952,0.035,0.79,,0.013,0.360,-0.046,1.89,
0.013,,,,-38.45,0.013,,,,33.20,0.013,,,,208.62
0.013,-1.544,-0.020,-0.87,,0.013,1.922,0.039,0.65,,0.013,5.314,-0.025,6.15,
0.013,,,,-38.09,0.013,,,,24.05,0.013,,,,222.90
0.013,-1.667,-0.024,-0.87,,0.013,1.862,0.041,0.51,,0.013,4.165,-0.003,4.27,
0.013,,,,-38.94,0.013,,,,20.75,0.013,,,,155.76
0.013,-1.791,-0.028,-0.86,,0.013,1.773,0.043,0.35,,0.013,3.366,0.012,2.96,
0.013,,,,-37.48,0.013,,,,13.79,0.013,,,,105.71
0.013,-1.914,-0.032,-0.86,,0.013,1.655,0.044,0.19,,0.013,2.811,0.023,2.05,
0.013,,,,-37.96,0.013,,,,4.76,0.013,,,,75.81
0.014,-2.030,-0.036,-0.85,,0.014,1.511,0.045,0.03,,0.014,2.424,0.031,1.42,
0.014,,,,-32.47,0.014,,,,-0.37,0.014,,,,52.25
0.014,-1.780,-0.039,-0.50,,0.014,1.344,0.045,-0.14,,0.014,2.156,0.036,0.98,
0.014,,,,-11.72,0.014,,,,-8.79,0.014,,,,35.89
0.014,-1.395,-0.040,-0.07,,0.014,1.156,0.044,-0.30,,0.014,1.969,0.039,0.67,
0.014,,,,2.81,0.014,,,,-15.38,0.014,,,,24.54
0.014,-1.089,-0.040,0.22,,0.014,0.949,0.042,-0.45,,0.014,1.838,0.042,0.46,
0.014,,,,13.18,0.014,,,,-21.85,0.014,,,,17.33
0.014,-0.840,-0.039,0.43,,0.014,0.727,0.040,-0.60,,0.014,1.748,0.044,0.31,
0.014,,,,20.39,0.014,,,,-26.73,0.014,,,,14.53
0.014,-0.629,-0.036,0.57,,0.014,0.496,0.038,-0.75,,0.014,1.686,0.045,0.20,
0.014,,,,27.59,0.014,,,,-36.13,0.014,,,,6.23
0.014,-0.444,-0.034,0.67,,0.014,0.253,0.034,-0.87,,0.014,1.641,0.046,0.14,
0.014,,,,28.32,0.014,,,,-38.70,0.014,,,,7.20
0.014,-0.279,-0.031,0.74,,0.014,0.008,0.030,-0.99,,0.014,1.611,0.046,0.08,
0.014,,,,33.20,0.014,,,,-43.58,0.014,,,,4.03
0.014,-0.124,-0.028,0.78,,0.014,-0.236,0.026,-1.09,,0.014,1.590,0.047,0.05,
0.014,,,,35.89,0.014,,,,-48.83,0.014,,,,1.95
0.014,0.020,-0.024,0.81,,0.014,-0.477,0.021,-1.17,,0.014,1.575,0.047,0.03,
0.014,,,,33.94,0.014,,,,-50.42,0.014,,,,1.95
0.015,0.157,-0.021,0.84,,0.015,-0.710,0.016,-1.23,,0.015,1.564,0.047,0.01,
0.015,,,,36.13,0.015,,,,-52.86,0.015,,,,1.83
0.015,0.289,-0.017,0.85,,0.015,-0.932,0.011,-1.28,,0.015,1.557,0.047,0.00,
0.015,,,,36.62,0.015,,,,-57.62,0.015,,,,1.95
0.015,0.421,-0.013,0.86,,0.015,-1.141,0.005,-1.30,,0.015,1.553,0.048,-0.02,
0.015,,,,37.23,0.015,,,,-54.69,0.015,,,,0.61
0.015,0.549,-0.010,0.86,,0.015,-1.332,-6.775E-4,-1.31,,0.015,1.550,0.048,-0.02,
0.015,,,,36.74,0.015,,,,-56.27,0.015,,,,-0.37
0.015,0.673,-0.006,0.87,,0.015,-1.500,-0.006,-1.29,,0.015,1.548,0.048,-0.02,
0.015,,,,38.57,0.015,,,,-54.93,0.015,,,,0.61
0.015,0.800,-0.002,0.87,,0.015,-1.644,-0.012,-1.26,,0.015,1.545,0.048,-0.03,
0.015,,,,36.99,0.015,,,,-54.32,0.015,,,,-0.24
0.015,0.923,0.002,0.87,,0.015,-1.765,-0.017,-1.20,,0.015,1.545,0.048,-0.03,
0.015,,,,37.84,0.015,,,,-49.07,0.015,,,,-0.37
0.015,1.048,0.005,0.87,,0.015,-1.856,-0.022,-1.13,,0.015,1.543,0.048,-0.03,
0.015,,,,37.96,0.015,,,,-46.51,0.015,,,,0.85
0.015,1.172,0.009,0.87,,0.015,-1.917,-0.027,-1.03,,0.015,1.543,0.048,-0.03,
0.015,,,,39.55,0.015,,,,-43.82,0.015,,,,0.12
0.015,1.296,0.013,0.86,,0.015,-1.949,-0.031,-0.92,,0.015,1.542,0.048,-0.03,
0.015,,,,36.87,0.015,,,,-37.35,0.015,,,,-9.16
0.016,1.420,0.017,0.86,,0.016,-1.950,-0.035,-0.80,,0.016,-0.360,0.047,-1.90,
0.016,,,,37.96,0.016,,,,-32.96,0.016,,,,-209.96
0.016,1.543,0.021,0.86,,0.016,-1.921,-0.038,-0.66,,0.016,-5.314,0.026,-6.16,
0.016,,,,36.13,0.016,,,,-26.49,0.016,,,,-223.14
0.016,1.666,0.024,0.86,,0.016,-1.861,-0.041,-0.51,,0.016,-4.164,0.003,-4.28,
0.016,,,,38.57,0.016,,,,-19.78,0.016,,,,-154.17
0.016,1.790,0.028,0.86,,0.016,-1.772,-0.043,-0.36,,0.016,-3.364,-0.012,-2.97,
0.016,,,,38.09,0.016,,,,-14.40,0.016,,,,-108.52
0.016,1.914,0.032,0.86,,0.016,-1.655,-0.044,-0.19,,0.016,-2.810,-0.023,-2.06,
0.016,,,,39.18,0.016,,,,-4.15,0.016,,,,-74.34
0.016,2.030,0.036,0.85,,0.016,-1.511,-0.045,-0.04,,0.016,-2.423,-0.030,-1.42,
0.016,,,,31.37,0.016,,,,0.49,0.016,,,,-51.15
0.016,1.780,0.039,0.49,,0.016,-1.344,-0.045,0.13,,0.016,-2.153,-0.035,-0.99,
0.016,,,,13.79,0.016,,,,7.57,0.016,,,,-36.13
0.016,1.396,0.040,0.06,,0.016,-1.156,-0.044,0.29,,0.016,-1.967,-0.039,-0.68,
0.016,,,,-3.17,0.016,,,,14.89,0.016,,,,-25.76
0.016,1.090,0.040,-0.23,,0.016,-0.948,-0.042,0.45,,0.016,-1.838,-0.042,-0.47,
0.016,,,,-14.04,0.016,,,,22.34,0.016,,,,-19.04
0.016,0.839,0.039,-0.44,,0.016,-0.726,-0.040,0.60,,0.016,-1.748,-0.043,-0.31,
0.016,,,,-20.87,0.016,,,,28.81,0.016,,,,-11.47
0.017,0.629,0.037,-0.58,,0.017,-0.493,-0.037,0.74,,0.017,-1.685,-0.045,-0.21,
0.017,,,,-25.88,0.017,,,,33.57,0.017,,,,-8.91
0.017,0.445,0.034,-0.68,,0.017,-0.253,-0.034,0.87,,0.017,-1.641,-0.046,-0.14,
0.017,,,,-30.03,0.017,,,,39.31,0.017,,,,-5.62
0.017,0.278,0.031,-0.74,,0.017,-0.008,-0.030,0.98,,0.017,-1.610,-0.046,-0.09,
0.017,,,,-32.96,0.017,,,,44.80,0.017,,,,-3.30
0.017,0.126,0.028,-0.79,,0.017,0.238,-0.026,1.08,,0.017,-1.589,-0.046,-0.06,
0.017,,,,-32.47,0.017,,,,48.58,0.017,,,,-4.03
0.017,-0.017,0.024,-0.82,,0.017,0.479,-0.021,1.16,,0.017,-1.575,-0.047,-0.03,
0.017,,,,-36.87,0.017,,,,50.78,0.017,,,,-1.46
0.017,-0.154,0.021,-0.84,,0.017,0.712,-0.016,1.23,,0.017,-1.565,-0.047,-0.01,
0.017,,,,-34.79,0.017,,,,53.83,0.017,,,,-1.95
0.017,-0.288,0.017,-0.86,,0.017,0.934,-0.010,1.27,,0.017,-1.558,-0.047,-8.46E-4,
0.017,,,,-36.38,0.017,,,,55.18,0.017,,,,0.00
0.017,-0.418,0.014,-0.87,,0.017,1.142,-0.005,1.30,,0.017,-1.552,-0.047,0.01,
0.017,,,,-37.72,0.017,,,,54.93,0.017,,,,-0.85
0.017,-0.547,0.010,-0.87,,0.017,1.331,8.240E-4,1.30,,0.017,-1.549,-0.047,0.01,
0.017,,,,-38.33,0.017,,,,58.47,0.017,,,,0.24
0.017,-0.672,0.006,-0.87,,0.017,1.502,0.007,1.28,,0.017,-1.547,-0.047,0.01,
0.017,,,,-36.87,0.017,,,,55.30,0.017,,,,-1.95
0.018,-0.798,0.002,-0.88,,0.018,1.646,0.012,1.24,,0.018,-1.545,-0.047,0.02,
0.018,,,,-37.48,0.018,,,,52.37,0.018,,,,0.73
0.018,-0.923,-0.001,-0.88,,0.018,1.765,0.017,1.19,,0.018,-1.545,-0.047,0.02,
0.018,,,,-37.23,0.018,,,,49.68,0.018,,,,0.61
0.018,-1.048,-0.005,-0.88,,0.018,1.856,0.022,1.12,,0.018,-1.543,-0.047,0.02,
0.018,,,,-38.33,0.018,,,,48.22,0.018,,,,-1.59
0.018,-1.171,-0.009,-0.88,,0.018,1.919,0.027,1.02,,0.018,-1.543,-0.047,0.02,
0.018,,,,-38.94,0.018,,,,41.02,0.018,,,,1.83
0.018,-1.296,-0.013,-0.87,,0.018,1.949,0.031,0.92,,0.018,-1.542,-0.047,0.02,
0.018,,,,-37.11,0.018,,,,39.06,0.018,,,,7.08
0.018,-1.419,-0.017,-0.87,,0.018,1.952,0.035,0.79,,0.018,0.360,-0.047,1.90,
0.018,,,,-38.82,0.018,,,,31.98,0.018,,,,209.72
0.018,-1.544,-0.020,-0.87,,0.018,1.922,0.038,0.65,,0.018,5.314,-0.026,6.16,
0.018,,,,-38.57,0.018,,,,26.98,0.018,,,,223.63
0.018,-1.667,-0.024,-0.86,,0.018,1.862,0.041,0.50,,0.018,4.164,-0.003,4.27,
0.018,,,,-37.48,0.018,,,,19.53,0.018,,,,156.01
0.018,-1.790,-0.028,-0.86,,0.018,1.772,0.043,0.35,,0.018,3.365,0.012,2.96,
0.018,,,,-35.64,0.018,,,,13.43,0.018,,,,104.98
0.018,-1.912,-0.032,-0.87,,0.018,1.656,0.044,0.19,,0.018,2.810,0.023,2.06,
0.018,,,,-38.82,0.018,,,,6.10,0.018,,,,75.81
0.019,-2.028,-0.035,-0.86,,0.019,1.512,0.045,0.03,,0.019,2.424,0.030,1.42,
0.019,,,,-33.08,0.019,,,,-1.71,0.019,,,,53.83
0.019,-1.779,-0.039,-0.50,,0.019,1.344,0.045,-0.14,,0.019,2.157,0.036,0.97,
0.019,,,,-13.79,0.019,,,,-6.84,0.019,,,,36.01
0.019,-1.394,-0.040,-0.07,,0.019,1.156,0.044,-0.30,,0.019,1.969,0.039,0.67,
0.019,,,,2.81,0.019,,,,-15.63,0.019,,,,25.51
0.019,-1.089,-0.040,0.23,,0.019,0.949,0.043,-0.46,,0.019,1.838,0.042,0.45,
0.019,,,,13.79,0.019,,,,-21.73,0.019,,,,17.09
0.019,-0.839,-0.039,0.43,,0.019,0.728,0.040,-0.61,,0.019,1.748,0.044,0.31,
0.019,,,,21.61,0.019,,,,-28.32,0.019,,,,12.57
0.019,-0.628,-0.036,0.57,,0.019,0.496,0.038,-0.75,,0.019,1.686,0.045,0.20,
0.019,,,,26.98,0.019,,,,-35.77,0.019,,,,7.81
0.019,-0.443,-0.034,0.67,,0.019,0.253,0.034,-0.87,,0.019,1.640,0.046,0.13,
0.019,,,,30.15,0.019,,,,-38.33,0.019,,,,5.74
0.019,-0.278,-0.031,0.73,,0.019,0.009,0.030,-0.99,,0.019,1.611,0.046,0.08,
0.019,,,,30.40,0.019,,,,-43.95,0.019,,,,5.00
0.019,-0.124,-0.028,0.79,,0.019,-0.236,0.026,-1.09,,0.019,1.590,0.047,0.05,
0.019,,,,34.42,0.019,,,,-49.56,0.019,,,,1.46
0.019,0.019,-0.024,0.82,,0.019,-0.478,0.021,-1.17,,0.019,1.576,0.047,0.03,
0.019,,,,34.79,0.019,,,,-48.58,0.019,,,,3.05
0.020,0.157,-0.021,0.84,,0.020,-0.710,0.016,-1.24,,0.020,1.565,0.047,0.01,
0.020,,,,37.48,0.020,,,,-55.66,0.020,,,,2.69
0.020,0.290,-0.017,0.85,,0.020,-0.932,0.010,-1.28,,0.020,1.558,0.048,-0.01,
0.020,,,,35.89,0.020,,,,-54.57,0.020,,,,-0.24
0.020,0.420,-0.013,0.86,,0.020,-1.140,0.005,-1.30,,0.020,1.553,0.048,-0.01,
0.020,,,,37.23,0.020,,,,-58.23,0.020,,,,-0.12
0.020,0.548,-0.010,0.87,,0.020,-1.332,-8.484E-4,-1.30,,0.020,1.550,0.047,-0.02,
0.020,,,,38.33,0.020,,,,-55.79,0.020,,,,0.49
0.020,0.675,-0.006,0.87,,0.020,-1.500,-0.006,-1.29,,0.020,1.547,0.048,-0.02,
0.020,,,,36.87,0.020,,,,-54.32,0.020,,,,0.61
0.020,0.799,-0.002,0.87,,0.020,-1.645,-0.012,-1.25,,0.020,1.546,0.048,-0.02,
0.020,,,,38.57,0.020,,,,-52.12,0.020,,,,1.10
0.020,0.924,0.002,0.87,,0.020,-1.764,-0.017,-1.20,,0.020,1.545,0.048,-0.03,
0.020,,,,35.52,0.020,,,,-51.51,0.020,,,,-0.85
0.020,1.048,0.005,0.87,,0.020,-1.855,-0.022,-1.12,,0.020,1.543,0.048,-0.03,
0.020,,,,39.43,0.020,,,,-47.24,0.020,,,,0.12
0.020,1.173,0.009,0.87,,0.020,-1.919,-0.027,-1.03,,0.020,1.543,0.048,-0.03,
0.020,,,,37.60,0.020,,,,-41.50,0.020,,,,0.00
0.020,1.297,0.013,0.87,,0.020,-1.949,-0.031,-0.92,,0.020,1.543,0.048,-0.03,
0.020,,,,38.70,0.020,,,,-40.16,0.020,,,,-9.16
0.021,1.420,0.017,0.86,,0.021,-1.952,-0.035,-0.79,,0.021,-0.360,0.047,-1.90,
0.021,,,,38.45,0.021,,,,-30.52,0.021,,,,-210.08
0.021,1.544,0.021,0.86,,0.021,-1.921,-0.038,-0.66,,0.021,-5.312,0.026,-6.16,
0.021,,,,36.25,0.021,,,,-25.51,0.021,,,,-221.19
0.021,1.667,0.024,0.86,,0.021,-1.861,-0.041,-0.52,,0.021,-4.163,0.004,-4.28,
0.021,,,,38.45,0.021,,,,-20.75,0.021,,,,-155.76
0.021,1.789,0.028,0.86,,0.021,-1.771,-0.043,-0.36,,0.021,-3.364,-0.012,-2.97,
0.021,,,,38.45,0.021,,,,-13.92,0.021,,,,-107.54
0.021,1.914,0.032,0.86,,0.021,-1.655,-0.044,-0.20,,0.021,-2.809,-0.023,-2.06,
0.021,,,,38.09,0.021,,,,-4.27,0.021,,,,-76.17
0.021,2.030,0.036,0.85,,0.021,-1.511,-0.045,-0.04,,0.021,-2.424,-0.030,-1.42,
0.021,,,,31.74,0.021,,,,0.37,0.021,,,,-50.42
0.021,1.780,0.039,0.49,,0.021,-1.343,-0.045,0.13,,0.021,-2.153,-0.035,-0.99,
0.021,,,,12.82,0.021,,,,7.32,0.021,,,,-38.09
0.021,1.395,0.040,0.07,,0.021,-1.155,-0.044,0.29,,0.021,-1.967,-0.039,-0.67,
0.021,,,,-3.66,0.021,,,,15.87,0.021,,,,-25.27
0.021,1.090,0.040,-0.23,,0.021,-0.948,-0.042,0.45,,0.021,-1.838,-0.042,-0.46,
0.021,,,,-12.94,0.021,,,,21.00,0.021,,,,-15.50
0.021,0.840,0.039,-0.44,,0.021,-0.727,-0.040,0.60,,0.021,-1.747,-0.043,-0.32,
0.021,,,,-20.63,0.021,,,,30.03,0.021,,,,-14.16
0.022,0.628,0.037,-0.58,,0.022,-0.493,-0.037,0.73,,0.022,-1.685,-0.045,-0.21,
0.022,,,,-26.25,0.022,,,,31.98,0.022,,,,-7.93
0.022,0.445,0.034,-0.68,,0.022,-0.253,-0.034,0.87,,0.022,-1.641,-0.045,-0.14,
0.022,,,,-30.27,0.022,,,,40.04,0.022,,,,-6.23
0.022,0.279,0.031,-0.74,,0.022,-0.008,-0.030,0.98,,0.022,-1.610,-0.046,-0.09,
0.022,,,,-31.25,0.022,,,,44.43,0.022,,,,-3.30
0.022,0.126,0.028,-0.79,,0.022,0.238,-0.026,1.08,,0.022,-1.590,-0.046,-0.06,
0.022,,,,-34.79,0.022,,,,46.88,0.022,,,,-2.93
0.022,-0.017,0.024,-0.82,,0.022,0.479,-0.021,1.17,,0.022,-1.575,-0.047,-0.03,
0.022,,,,-34.67,0.022,,,,51.76,0.022,,,,-2.93
0.022,-0.155,0.021,-0.84,,0.022,0.711,-0.016,1.23,,0.022,-1.564,-0.047,-0.01,
0.022,,,,-36.01,0.022,,,,53.96,0.022,,,,-0.73
0.022,-0.288,0.017,-0.86,,0.022,0.934,-0.010,1.27,,0.022,-1.558,-0.047,0.00,
0.022,,,,-37.11,0.022,,,,56.40,0.022,,,,-1.59
0.022,-0.418,0.014,-0.87,,0.022,1.143,-0.005,1.29,,0.022,-1.553,-0.047,0.01,
0.022,,,,-37.11,0.022,,,,56.03,0.022,,,,-1.46
0.022,-0.547,0.010,-0.87,,0.022,1.331,9.949E-4,1.30,,0.022,-1.550,-0.047,0.01,
0.022,,,,-38.09,0.022,,,,55.79,0.022,,,,1.22
0.022,-0.673,0.006,-0.87,,0.022,1.500,0.007,1.28,,0.022,-1.547,-0.047,0.01,
0.022,,,,-37.48,0.022,,,,56.03,0.022,,,,1.46
0.023,-0.798,0.002,-0.87,,0.023,1.646,0.012,1.24,,0.023,-1.544,-0.047,0.01,
0.023,,,,-37.48,0.023,,,,53.34,0.023,,,,-2.08
0.023,-0.924,-0.001,-0.88,,0.023,1.765,0.018,1.19,,0.023,-1.545,-0.047,0.02,
0.023,,,,-37.60,0.023,,,,50.17,0.023,,,,-0.37
0.023,-1.048,-0.005,-0.87,,0.023,1.856,0.023,1.11,,0.023,-1.544,-0.047,0.02,
0.023,,,,-38.70,0.023,,,,46.75,0.023,,,,0.00
0.023,-1.172,-0.009,-0.87,,0.023,1.918,0.027,1.02,,0.023,-1.543,-0.047,0.02,
0.023,,,,-37.23,0.023,,,,42.85,0.023,,,,0.00
0.023,-1.294,-0.013,-0.87,,0.023,1.950,0.031,0.91,,0.023,-1.542,-0.047,0.02,
0.023,,,,-36.62,0.023,,,,36.62,0.023,,,,9.28
0.023,-1.419,-0.016,-0.88,,0.023,1.951,0.035,0.79,,0.023,0.362,-0.046,1.90,
0.023,,,,-39.55,0.023,,,,32.59,0.023,,,,209.35
0.023,-1.544,-0.020,-0.87,,0.023,1.922,0.038,0.65,,0.023,5.314,-0.026,6.16,
0.023,,,,-39.92,0.023,,,,26.98,0.023,,,,223.27
0.023,-1.668,-0.024,-0.86,,0.023,1.862,0.041,0.51,,0.023,4.164,-0.003,4.27,
0.023,,,,-35.77,0.023,,,,19.90,0.023,,,,154.66
0.023,-1.790,-0.028,-0.87,,0.023,1.772,0.043,0.35,,0.023,3.365,0.012,2.96,
0.023,,,,-38.33,0.023,,,,13.06,0.023,,,,107.42
0.023,-1.913,-0.032,-0.86,,0.023,1.655,0.044,0.19,,0.023,2.811,0.023,2.05,
0.023,,,,-36.99,0.023,,,,6.84,0.023,,,,74.95
0.023,-2.028,-0.036,-0.86,,0.023,1.511,0.045,0.02,,0.023,2.423,0.031,1.42,
0.024,,,,-32.47,0.024,,,,-2.32,0.024,,,,52.73
0.024,-1.779,-0.039,-0.50,,0.024,1.344,0.045,-0.14,,0.024,2.155,0.036,0.97,
0.024,,,,-12.70,0.024,,,,-7.69,0.024,,,,36.25
0.024,-1.395,-0.040,-0.07,,0.024,1.156,0.044,-0.30,,0.024,1.968,0.039,0.67,
0.024,,,,1.34,0.024,,,,-16.24,0.024,,,,25.51
0.024,-1.089,-0.040,0.23,,0.024,0.949,0.042,-0.45,,0.024,1.839,0.042,0.45,
0.024,,,,12.70,0.024,,,,-21.73,0.024,,,,16.72
0.024,-0.839,-0.039,0.44,,0.024,0.727,0.040,-0.60,,0.024,1.748,0.044,0.31,
0.024,,,,23.68,0.024,,,,-27.83,0.024,,,,11.84
0.024,-0.627,-0.036,0.57,,0.024,0.495,0.038,-0.74,,0.024,1.685,0.045,0.21,
0.024,,,,26.00,0.024,,,,-33.20,0.024,,,,9.89
0.024,-0.443,-0.034,0.67,,0.024,0.254,0.034,-0.87,,0.024,1.642,0.046,0.13,
0.024,,,,29.79,0.024,,,,-39.67,0.024,,,,5.62
0.024,-0.277,-0.031,0.74,,0.024,0.009,0.030,-0.99,,0.024,1.611,0.046,0.08,
0.024,,,,30.52,0.024,,,,-43.46,0.024,,,,4.15
0.024,-0.125,-0.028,0.79,,0.024,-0.236,0.026,-1.09,,0.024,1.590,0.047,0.05,
0.024,,,,35.64,0.024,,,,-48.83,0.024,,,,2.81
0.024,0.019,-0.024,0.81,,0.024,-0.477,0.021,-1.17,,0.024,1.576,0.047,0.02,
0.024,,,,35.52,0.024,,,,-50.78,0.024,,,,1.34
0.025,0.157,-0.021,0.83,,0.025,-0.710,0.016,-1.24,,0.025,1.565,0.047,0.01,
0.025,,,,35.77,0.025,,,,-54.81,0.025,,,,2.08
0.025,0.290,-0.017,0.85,,0.025,-0.934,0.010,-1.28,,0.025,1.559,0.047,-0.01,
0.025,,,,38.33,0.025,,,,-57.01,0.025,,,,-0.98
0.025,0.420,-0.013,0.85,,0.025,-1.141,0.005,-1.30,,0.025,1.553,0.047,-0.01,
0.025,,,,35.64,0.025,,,,-54.81,0.025,,,,2.08
0.025,0.548,-0.010,0.86,,0.025,-1.331,-7.507E-4,-1.31,,0.025,1.549,0.048,-0.02,
0.025,,,,36.87,0.025,,,,-55.66,0.025,,,,1.46
0.025,0.673,-0.006,0.87,,0.025,-1.500,-0.006,-1.29,,0.025,1.547,0.048,-0.03,
0.025,,,,38.09,0.025,,,,-55.66,0.025,,,,0.12
0.025,0.800,-0.002,0.87,,0.025,-1.646,-0.012,-1.25,,0.025,1.546,0.048,-0.03,
0.025,,,,38.21,0.025,,,,-53.10,0.025,,,,-1.46
0.025,0.925,0.002,0.87,,0.025,-1.765,-0.017,-1.20,,0.025,1.544,0.048,-0.02,
0.025,,,,38.21,0.025,,,,-50.42,0.025,,,,0.00
0.025,1.050,0.006,0.87,,0.025,-1.856,-0.022,-1.12,,0.025,1.543,0.048,-0.02,
0.025,,,,38.70,0.025,,,,-47.12,0.025,,,,-0.49
0.025,1.173,0.009,0.86,,0.025,-1.917,-0.027,-1.03,,0.025,1.542,0.047,-0.03,
0.025,,,,36.01,0.025,,,,-42.48,0.025,,,,0.98
0.025,1.296,0.013,0.87,,0.025,-1.949,-0.031,-0.92,,0.025,1.544,0.048,-0.03,
0.025,,,,37.84,0.025,,,,-36.62,0.025,,,,-7.81
0.026,1.419,0.017,0.86,,0.026,-1.950,-0.035,-0.80,,0.026,-0.361,0.047,-1.91,
0.026,,,,38.45,0.026,,,,-32.96,0.026,,,,-209.96
0.026,1.544,0.021,0.86,,0.026,-1.921,-0.038,-0.66,,0.026,-5.312,0.026,-6.16,
0.026,,,,37.11,0.026,,,,-27.71,0.026,,,,-223.63
0.026,1.667,0.024,0.86,,0.026,-1.862,-0.041,-0.51,,0.026,-4.163,0.003,-4.28,
0.026,,,,38.33,0.026,,,,-21.36,0.026,,,,-154.66
0.026,1.790,0.028,0.86,,0.026,-1.774,-0.043,-0.35,,0.026,-3.363,-0.012,-2.97,
0.026,,,,36.99,0.026,,,,-11.23,0.026,,,,-106.93
0.026,1.912,0.032,0.86,,0.026,-1.654,-0.044,-0.20,,0.026,-2.809,-0.023,-2.06,
0.026,,,,40.28,0.026,,,,-4.88,0.026,,,,-76.29
0.026,2.030,0.036,0.84,,0.026,-1.510,-0.045,-0.04,,0.026,-2.423,-0.030,-1.42,
0.026,,,,29.91,0.026,,,,0.37,0.026,,,,-51.51
0.026,1.779,0.039,0.49,,0.026,-1.343,-0.045,0.13,,0.026,-2.154,-0.036,-0.98,
0.026,,,,13.18,0.026,,,,8.30,0.026,,,,-35.52
0.026,1.395,0.040,0.07,,0.026,-1.155,-0.044,0.29,,0.026,-1.967,-0.039,-0.68,
0.026,,,,-3.30,0.026,,,,15.87,0.026,,,,-26.00
0.026,1.089,0.040,-0.23,,0.026,-0.948,-0.042,0.45,,0.026,-1.837,-0.042,-0.46,
0.026,,,,-11.72,0.026,,,,21.48,0.026,,,,-17.33
0.026,0.840,0.039,-0.44,,0.026,-0.726,-0.040,0.60,,0.026,-1.747,-0.043,-0.31,
0.026,,,,-21.85,0.026,,,,28.08,0.026,,,,-13.79
0.027,0.629,0.037,-0.58,,0.027,-0.493,-0.037,0.74,,0.027,-1.685,-0.045,-0.21,
0.027,,,,-27.34,0.027,,,,34.55,0.027,,,,-6.35
0.027,0.444,0.034,-0.67,,0.027,-0.252,-0.034,0.86,,0.027,-1.640,-0.045,-0.14,
0.027,,,,-27.95,0.027,,,,39.06,0.027,,,,-6.71
0.027,0.278,0.031,-0.75,,0.027,-0.008,-0.030,0.98,,0.027,-1.609,-0.046,-0.09,
0.027,,,,-33.33,0.027,,,,43.82,0.027,,,,-4.15
0.027,0.126,0.028,-0.79,,0.027,0.239,-0.026,1.08,,0.027,-1.590,-0.046,-0.06,
0.027,,,,-34.55,0.027,,,,48.83,0.027,,,,-3.30
0.027,-0.018,0.024,-0.82,,0.027,0.480,-0.021,1.16,,0.027,-1.575,-0.047,-0.03,
0.027,,,,-33.33,0.027,,,,51.03,0.027,,,,-1.34
0.027,-0.155,0.021,-0.85,,0.027,0.712,-0.016,1.22,,0.027,-1.565,-0.047,-0.02,
0.027,,,,-36.62,0.027,,,,54.08,0.027,,,,-2.20
0.027,-0.289,0.017,-0.86,,0.027,0.934,-0.010,1.27,,0.027,-1.558,-0.047,-9.68E-4,
0.027,,,,-36.87,0.027,,,,54.44,0.027,,,,0.00
0.027,-0.419,0.014,-0.87,,0.027,1.142,-0.005,1.30,,0.027,-1.553,-0.047,0.00,
0.027,,,,-37.35,0.027,,,,57.01,0.027,,,,-0.61
0.027,-0.546,0.010,-0.87,,0.027,1.332,0.001,1.30,,0.027,-1.548,-0.047,0.01,
0.027,,,,-38.45,0.027,,,,54.69,0.027,,,,-0.61
0.027,-0.672,0.006,-0.87,,0.027,1.500,0.006,1.29,,0.027,-1.546,-0.047,0.01,
0.027,,,,-36.74,0.027,,,,58.59,0.027,,,,-0.12
0.028,-0.798,0.002,-0.87,,0.028,1.647,0.012,1.24,,0.028,-1.545,-0.047,0.02,
0.028,,,,-37.72,0.028,,,,50.17,0.028,,,,-0.73
0.028,-0.924,-0.001,-0.88,,0.028,1.765,0.017,1.19,,0.028,-1.544,-0.047,0.02,
0.028,,,,-36.38,0.028,,,,51.88,0.028,,,,0.61
0.028,-1.047,-0.005,-0.88,,0.028,1.856,0.023,1.11,,0.028,-1.543,-0.047,0.02,
0.028,,,,-37.96,0.028,,,,46.88,0.028,,,,-2.20
0.028,-1.172,-0.009,-0.88,,0.028,1.918,0.027,1.02,,0.028,-1.543,-0.048,0.03,
0.028,,,,-38.45,0.028,,,,42.48,0.028,,,,1.10
0.028,-1.295,-0.013,-0.87,,0.028,1.950,0.031,0.91,,0.028,-1.541,-0.047,0.02,
0.028,,,,-38.33,0.028,,,,37.48,0.028,,,,9.64
0.028,-1.420,-0.017,-0.87,,0.028,1.951,0.035,0.79,,0.028,0.363,-0.046,1.90,
0.028,,,,-38.09,0.028,,,,33.94,0.028,,,,210.69
0.028,-1.543,-0.020,-0.87,,0.028,1.922,0.039,0.65,,0.028,5.313,-0.025,6.15,
0.028,,,,-39.06,0.028,,,,25.63,0.028,,,,221.80
0.028,-1.666,-0.024,-0.87,,0.028,1.862,0.041,0.50,,0.028,4.164,-0.003,4.27,
0.028,,,,-37.60,0.028,,,,19.78,0.028,,,,156.01
0.028,-1.789,-0.028,-0.86,,0.028,1.772,0.043,0.35,,0.028,3.364,0.012,2.96,
0.028,,,,-36.87,0.028,,,,11.72,0.028,,,,106.93
0.028,-1.913,-0.032,-0.87,,0.028,1.655,0.044,0.19,,0.028,2.811,0.023,2.05,
0.028,,,,-39.18,0.028,,,,5.25,0.028,,,,75.07
0.029,-2.028,-0.036,-0.85,,0.029,1.511,0.045,0.03,,0.029,2.424,0.031,1.41,
0.029,,,,-31.62,0.029,,,,0.73,0.029,,,,51.64
0.029,-1.779,-0.039,-0.50,,0.029,1.344,0.045,-0.14,,0.029,2.155,0.036,0.98,
0.029,,,,-12.94,0.029,,,,-7.81,0.029,,,,35.89
0.029,-1.395,-0.040,-0.07,,0.029,1.156,0.044,-0.30,,0.029,1.968,0.039,0.67,
0.029,,,,3.17,0.029,,,,-15.26,0.029,,,,25.15
0.029,-1.088,-0.040,0.22,,0.029,0.948,0.043,-0.46,,0.029,1.838,0.042,0.46,
0.029,,,,14.04,0.029,,,,-23.80,0.029,,,,17.46
0.029,-0.839,-0.038,0.43,,0.029,0.726,0.040,-0.60,,0.029,1.748,0.044,0.31,
0.029,,,,21.48,0.029,,,,-28.08,0.029,,,,12.45
0.029,-0.628,-0.036,0.57,,0.029,0.496,0.037,-0.74,,0.029,1.685,0.045,0.21,
0.029,,,,24.66,0.029,,,,-34.42,0.029,,,,8.06
0.029,-0.444,-0.034,0.67,,0.029,0.253,0.034,-0.87,,0.029,1.641,0.046,0.13,
0.029,,,,31.49,0.029,,,,-39.43,0.029,,,,5.49
0.029,-0.277,-0.031,0.73,,0.029,0.008,0.030,-0.98,,0.029,1.611,0.046,0.09,
0.029,,,,31.74,0.029,,,,-42.97,0.029,,,,5.49
0.029,-0.123,-0.027,0.78,,0.029,-0.236,0.026,-1.09,,0.029,1.590,0.047,0.05,
0.029,,,,33.20,0.029,,,,-46.14,0.029,,,,2.56
0.029,0.020,-0.024,0.82,,0.029,-0.476,0.021,-1.17,,0.029,1.575,0.047,0.02,
0.029,,,,36.01,0.029,,,,-52.37,0.029,,,,2.69
0.030,0.157,-0.021,0.83,,0.030,-0.711,0.016,-1.24,,0.030,1.565,0.047,0.00,
0.030,,,,34.42,0.030,,,,-54.08,0.030,,,,1.10
0.030,0.290,-0.017,0.85,,0.030,-0.933,0.011,-1.28,,0.030,1.558,0.047,-0.01,
0.030,,,,36.99,0.030,,,,-57.37,0.030,,,,0.24
0.030,0.420,-0.013,0.86,,0.030,-1.142,0.005,-1.30,,0.030,1.553,0.047,-0.01,
0.030,,,,38.21,0.030,,,,-55.79,0.030,,,,-0.12
0.030,0.549,-0.010,0.86,,0.030,-1.330,-8.118E-4,-1.30,,0.030,1.549,0.047,-0.02,
0.030,,,,36.74,0.030,,,,-55.66,0.030,,,,0.12
0.030,0.674,-0.006,0.87,,0.030,-1.500,-0.006,-1.29,,0.030,1.546,0.047,-0.02,
0.030,,,,39.92,0.030,,,,-54.57,0.030,,,,1.59
0.030,0.801,-0.002,0.86,,0.030,-1.646,-0.012,-1.26,,0.030,1.545,0.048,-0.02,
0.030,,,,34.30,0.030,,,,-53.34,0.030,,,,0.73
0.030,0.923,0.002,0.87,,0.030,-1.763,-0.017,-1.20,,0.030,1.544,0.048,-0.03,
0.030,,,,38.57,0.030,,,,-51.27,0.030,,,,-0.37
0.030,1.049,0.005,0.87,,0.030,-1.856,-0.022,-1.12,,0.030,1.543,0.048,-0.03,
0.030,,,,38.70,0.030,,,,-46.14,0.030,,,,1.10
0.030,1.172,0.009,0.87,,0.030,-1.918,-0.027,-1.03,,0.030,1.542,0.048,-0.03,
0.030,,,,37.96,0.030,,,,-42.72,0.030,,,,-1.10
0.030,1.297,0.013,0.87,,0.030,-1.949,-0.031,-0.92,,0.030,1.542,0.048,-0.03,
0.030,,,,37.84,0.030,,,,-38.21,0.030,,,,-9.16
0.031,1.419,0.017,0.86,,0.031,-1.951,-0.035,-0.80,,0.031,-0.364,0.047,-1.90,
0.031,,,,37.35,0.031,,,,-31.49,0.031,,,,-209.23
0.031,1.543,0.021,0.86,,0.031,-1.922,-0.038,-0.66,,0.031,-5.311,0.026,-6.16,
0.031,,,,38.45,0.031,,,,-27.34,0.031,,,,-223.39
0.031,1.666,0.024,0.86,,0.031,-1.862,-0.041,-0.51,,0.031,-4.162,0.003,-4.28,
0.031,,,,37.84,0.031,,,,-20.63,0.031,,,,-154.54
0.031,1.790,0.028,0.86,,0.031,-1.773,-0.043,-0.36,,0.031,-3.363,-0.012,-2.97,
0.031,,,,38.57,0.031,,,,-12.08,0.031,,,,-108.15
0.031,1.914,0.032,0.86,,0.031,-1.655,-0.044,-0.20,,0.031,-2.810,-0.023,-2.06,
0.031,,,,37.96,0.031,,,,-6.10,0.031,,,,-75.20
0.031,2.029,0.036,0.85,,0.031,-1.511,-0.045,-0.03,,0.031,-2.422,-0.030,-1.42,
0.031,,,,32.71,0.031,,,,1.59,0.031,,,,-51.15
0.031,1.780,0.039,0.49,,0.031,-1.344,-0.045,0.13,,0.031,-2.154,-0.035,-0.98,
0.031,,,,10.74,0.031,,,,9.52,0.031,,,,-36.13
0.031,1.394,0.040,0.07,,0.031,-1.155,-0.044,0.29,,0.031,-1.966,-0.039,-0.68,
0.031,,,,-2.08,0.031,,,,13.92,0.031,,,,-25.76
0.031,1.089,0.040,-0.23,,0.031,-0.948,-0.042,0.45,,0.031,-1.837,-0.042,-0.46,
0.031,,,,-13.43,0.031,,,,21.61,0.031,,,,-18.07
0.031,0.840,0.039,-0.44,,0.031,-0.726,-0.040,0.60,,0.031,-1.747,-0.043,-0.31,
0.031,,,,-22.09,0.031,,,,28.81,0.031,,,,-11.35
0.032,0.628,0.036,-0.57,,0.032,-0.493,-0.037,0.74,,0.032,-1.685,-0.045,-0.21,
0.032,,,,-24.78,0.032,,,,33.57,0.032,,,,-8.91
0.032,0.444,0.034,-0.68,,0.032,-0.252,-0.034,0.87,,0.032,-1.641,-0.046,-0.14,
0.032,,,,-30.15,0.032,,,,38.57,0.032,,,,-6.23
0.032,0.278,0.031,-0.74,,0.032,-0.007,-0.030,0.98,,0.032,-1.611,-0.046,-0.09,
0.032,,,,-31.86,0.032,,,,44.80,0.032,,,,-3.17
0.032,0.126,0.028,-0.79,,0.032,0.238,-0.026,1.08,,0.032,-1.589,-0.046,-0.06,
0.032,,,,-34.67,0.032,,,,49.68,0.032,,,,-2.20
0.032,-0.018,0.024,-0.82,,0.032,0.480,-0.021,1.16,,0.032,-1.574,-0.047,-0.03,
0.032,,,,-34.79,0.032,,,,51.15,0.032,,,,-4.03
0.032,-0.155,0.021,-0.84,,0.032,0.713,-0.015,1.22,,0.032,-1.565,-0.047,-0.01,
0.032,,,,-35.89,0.032,,,,53.34,0.032,,,,0.12
0.032,-0.288,0.017,-0.86,,0.032,0.935,-0.010,1.27,,0.032,-1.558,-0.047,0.00,
0.032,,,,-37.11,0.032,,,,55.18,0.032,,,,-0.49
0.032,-0.418,0.014,-0.86,,0.032,1.143,-0.005,1.29,,0.032,-1.552,-0.047,0.00,
0.032,,,,-36.13,0.032,,,,57.13,0.032,,,,-1.10
0.032,-0.546,0.010,-0.87,,0.032,1.333,0.001,1.30,,0.032,-1.549,-0.047,0.01,
0.032,,,,-39.31,0.032,,,,55.30,0.032,,,,-2.20
0.032,-0.673,0.006,-0.87,,0.032,1.500,0.007,1.28,,0.032,-1.548,-0.047,0.02,
0.032,,,,-36.62,0.032,,,,55.30,0.032,,,,0.37
0.033,-0.798,0.002,-0.87,,0.033,1.647,0.012,1.24,,0.033,-1.545,-0.047,0.02,
0.033,,,,-39.06,0.033,,,,52.49,0.033,,,,-0.73
0.033,-0.924,-0.002,-0.87,,0.033,1.764,0.017,1.19,,0.033,-1.545,-0.047,0.02,
0.033,,,,-34.42,0.033,,,,51.76,0.033,,,,0.00
0.033,-1.046,-0.005,-0.88,,0.033,1.857,0.023,1.11,,0.033,-1.544,-0.047,0.02,
0.033,,,,-38.94,0.033,,,,46.39,0.033,,,,1.71
0.033,-1.171,-0.009,-0.88,,0.033,1.918,0.027,1.02,,0.033,-1.542,-0.047,0.02,
0.033,,,,-38.21,0.033,,,,41.99,0.033,,,,-3.17
0.033,-1.296,-0.013,-0.87,,0.033,1.950,0.031,0.91,,0.033,-1.543,-0.048,0.03,
0.033,,,,-37.84,0.033,,,,37.35,0.033,,,,11.35
0.033,-1.419,-0.017,-0.87,,0.033,1.952,0.035,0.79,,0.033,0.365,-0.046,1.90,
0.033,,,,-38.45,0.033,,,,31.98,0.033,,,,210.57
0.033,-1.543,-0.020,-0.87,,0.033,1.922,0.038,0.66,,0.033,5.313,-0.025,6.15,
0.033,,,,-38.33,0.033,,,,28.44,0.033,,,,223.27
0.033,-1.666,-0.024,-0.87,,0.033,1.863,0.041,0.50,,0.033,4.164,-0.003,4.27,
0.033,,,,-39.43,0.033,,,,18.31,0.033,,,,153.69
0.033,-1.791,-0.028,-0.86,,0.033,1.772,0.043,0.35,,0.033,3.364,0.012,2.96,
0.033,,,,-35.03,0.033,,,,12.70,0.033,,,,108.76
0.033,-1.912,-0.032,-0.87,,0.033,1.655,0.044,0.19,,0.033,2.811,0.023,2.05,
0.033,,,,-39.18,0.033,,,,6.59,0.033,,,,73.36
0.034,-2.029,-0.036,-0.85,,0.034,1.512,0.045,0.03,,0.034,2.423,0.030,1.42,
0.034,,,,-31.25,0.034,,,,-1.34,0.034,,,,53.59
0.034,-1.779,-0.039,-0.50,,0.034,1.344,0.045,-0.14,,0.034,2.155,0.036,0.97,
0.034,,,,-14.04,0.034,,,,-8.30,0.034,,,,35.16
0.034,-1.394,-0.040,-0.07,,0.034,1.156,0.044,-0.30,,0.034,1.969,0.039,0.67,
0.034,,,,2.69,0.034,,,,-14.28,0.034,,,,26.73
0.034,-1.088,-0.040,0.23,,0.034,0.948,0.043,-0.46,,0.034,1.839,0.042,0.45,
0.034,,,,15.63,0.034,,,,-22.09,0.034,,,,17.09
0.034,-0.838,-0.038,0.43,,0.034,0.727,0.040,-0.61,,0.034,1.749,0.044,0.31,
0.034,,,,19.53,0.034,,,,-28.20,0.034,,,,11.47
0.034,-0.628,-0.036,0.57,,0.034,0.494,0.038,-0.75,,0.034,1.685,0.045,0.20,
0.034,,,,26.25,0.034,,,,-34.30,0.034,,,,8.06
0.034,-0.443,-0.034,0.67,,0.034,0.254,0.034,-0.87,,0.034,1.642,0.046,0.13,
0.034,,,,29.54,0.034,,,,-38.70,0.034,,,,4.88
0.034,-0.278,-0.031,0.74,,0.034,0.009,0.030,-0.99,,0.034,1.610,0.046,0.09,
0.034,,,,31.62,0.034,,,,-44.68,0.034,,,,4.39
0.034,-0.124,-0.028,0.79,,0.034,-0.237,0.026,-1.09,,0.034,1.590,0.047,0.05,
0.034,,,,35.03,0.034,,,,-48.95,0.034,,,,3.78
0.034,0.020,-0.024,0.81,,0.034,-0.478,0.021,-1.17,,0.034,1.575,0.047,0.02,
0.034,,,,35.77,0.034,,,,-51.39,0.034,,,,1.59
0.035,0.158,-0.021,0.83,,0.035,-0.711,0.016,-1.23,,0.035,1.564,0.047,0.01,
0.035,,,,36.50,0.035,,,,-52.73,0.035,,,,1.83
0.035,0.291,-0.017,0.85,,0.035,-0.934,0.010,-1.28,,0.035,1.557,0.047,0.00,
0.035,,,,34.55,0.035,,,,-55.18,0.035,,,,0.85
0.035,0.420,-0.013,0.86,,0.035,-1.141,0.005,-1.31,,0.035,1.553,0.047,-0.01,
0.035,,,,37.35,0.035,,,,-57.74,0.035,,,,0.00
0.035,0.547,-0.010,0.87,,0.035,-1.331,-8.118E-4,-1.30,,0.035,1.549,0.047,-0.02,
0.035,,,,37.72,0.035,,,,-56.15,0.035,,,,0.61
0.035,0.673,-0.006,0.87,,0.035,-1.501,-0.006,-1.29,,0.035,1.546,0.047,-0.02,
0.035,,,,39.06,0.035,,,,-54.69,0.035,,,,1.71
0.035,0.800,-0.002,0.87,,0.035,-1.645,-0.012,-1.25,,0.035,1.546,0.048,-0.03,
0.035,,,,37.35,0.035,,,,-53.34,0.035,,,,-0.24
0.035,0.924,0.002,0.87,,0.035,-1.765,-0.017,-1.20,,0.035,1.544,0.048,-0.03,
0.035,,,,37.35,0.035,,,,-49.32,0.035,,,,1.10
0.035,1.048,0.005,0.87,,0.035,-1.856,-0.022,-1.12,,0.035,1.544,0.048,-0.03,
0.035,,,,37.84,0.035,,,,-47.00,0.035,,,,-0.73
0.035,1.172,0.009,0.87,,0.035,-1.917,-0.027,-1.03,,0.035,1.543,0.048,-0.03,
0.035,,,,38.21,0.035,,,,-43.21,0.035,,,,-0.37
0.035,1.296,0.013,0.86,,0.035,-1.948,-0.031,-0.92,,0.035,1.543,0.048,-0.03,
0.035,,,,36.62,0.035,,,,-38.45,0.035,,,,-10.38
0.036,1.420,0.017,0.87,,0.036,-1.951,-0.035,-0.79,,0.036,-0.364,0.047,-1.90,
0.036,,,,39.55,0.036,,,,-31.86,0.036,,,,-208.62
0.036,1.543,0.021,0.86,,0.036,-1.921,-0.038,-0.66,,0.036,-5.311,0.026,-6.16,
0.036,,,,37.23,0.036,,,,-25.88,0.036,,,,-222.29
0.036,1.667,0.024,0.86,,0.036,-1.862,-0.041,-0.52,,0.036,-4.162,0.004,-4.28,
0.036,,,,37.96,0.036,,,,-19.90,0.036,,,,-156.86
0.036,1.790,0.028,0.86,,0.036,-1.772,-0.043,-0.36,,0.036,-3.364,-0.012,-2.96,
0.036,,,,38.94,0.036,,,,-13.31,0.036,,,,-105.35
0.036,1.914,0.032,0.85,,0.036,-1.654,-0.044,-0.20,,0.036,-2.809,-0.023,-2.06,
0.036,,,,36.62,0.036,,,,-6.84,0.036,,,,-77.15
0.036,2.029,0.036,0.85,,0.036,-1.512,-0.045,-0.03,,0.036,-2.423,-0.030,-1.42,
0.036,,,,33.45,0.036,,,,2.08,0.036,,,,-50.78
0.036,1.780,0.039,0.49,,0.036,-1.344,-0.045,0.13,,0.036,-2.154,-0.036,-0.98,
0.036,,,,10.38,0.036,,,,8.06,0.036,,,,-37.23
0.036,1.394,0.040,0.07,,0.036,-1.155,-0.044,0.29,,0.036,-1.967,-0.039,-0.67,
0.036,,,,-1.22,0.036,,,,13.67,0.036,,,,-25.27
0.036,1.089,0.040,-0.23,,0.036,-0.949,-0.042,0.45,,0.036,-1.838,-0.042,-0.46,
0.036,,,,-13.43,0.036,,,,23.56,0.036,,,,-15.62
0.036,0.840,0.039,-0.44,,0.036,-0.726,-0.040,0.60,,0.036,-1.747,-0.043,-0.32,
0.036,,,,-20.51,0.036,,,,28.44,0.036,,,,-13.06
0.037,0.629,0.037,-0.58,,0.037,-0.493,-0.037,0.74,,0.037,-1.685,-0.045,-0.21,
0.037,,,,-27.34,0.037,,,,34.30,0.037,,,,-8.30
0.037,0.444,0.034,-0.67,,0.037,-0.251,-0.034,0.86,,0.037,-1.640,-0.045,-0.14,
0.037,,,,-29.79,0.037,,,,38.70,0.037,,,,-5.62
0.037,0.279,0.031,-0.74,,0.037,-0.008,-0.030,0.98,,0.037,-1.610,-0.046,-0.09,
0.037,,,,-31.86,0.037,,,,43.33,0.037,,,,-4.76
0.037,0.126,0.028,-0.79,,0.037,0.238,-0.026,1.08,,0.037,-1.589,-0.046,-0.06,
0.037,,,,-35.16,0.037,,,,48.46,0.037,,,,-3.17
0.037,-0.018,0.024,-0.82,,0.037,0.479,-0.021,1.16,,0.037,-1.576,-0.047,-0.03,
0.037,,,,-34.79,0.037,,,,50.42,0.037,,,,-0.49
0.037,-0.156,0.021,-0.84,,0.037,0.712,-0.016,1.23,,0.037,-1.564,-0.047,-0.02,
0.037,,,,-34.91,0.037,,,,56.15,0.037,,,,-2.08
0.037,-0.289,0.017,-0.86,,0.037,0.935,-0.010,1.27,,0.037,-1.557,-0.047,0.00,
0.037,,,,-37.11,0.037,,,,54.44,0.037,,,,-2.20
0.037,-0.419,0.014,-0.87,,0.037,1.142,-0.005,1.29,,0.037,-1.552,-0.047,0.01,
0.037,,,,-35.64,0.037,,,,56.76,0.037,,,,-0.37
0.037,-0.546,0.010,-0.88,,0.037,1.332,0.001,1.30,,0.037,-1.549,-0.047,0.01,
0.037,,,,-38.82,0.037,,,,54.69,0.037,,,,-0.12
0.037,-0.672,0.006,-0.87,,0.037,1.500,0.007,1.29,,0.037,-1.547,-0.047,0.02,
0.037,,,,-36.50,0.037,,,,56.15,0.037,,,,-0.49
0.037,-0.797,0.002,-0.88,,0.037,1.646,0.012,1.25,,0.037,-1.546,-0.047,0.02,
0.038,,,,-38.45,0.038,,,,54.32,0.038,,,,1.10
0.038,-0.923,-0.001,-0.88,,0.038,1.766,0.018,1.19,,0.038,-1.543,-0.047,0.02,
0.038,,,,-39.43,0.038,,,,51.64,0.038,,,,-0.12
0.038,-1.049,-0.005,-0.87,,0.038,1.857,0.023,1.11,,0.038,-1.543,-0.047,0.02,
0.038,,,,-36.38,0.038,,,,44.92,0.038,,,,-0.24
0.038,-1.172,-0.009,-0.88,,0.038,1.918,0.027,1.02,,0.038,-1.542,-0.047,0.02,
0.038,,,,-37.84,0.038,,,,42.24,0.038,,,,-0.37
0.038,-1.295,-0.013,-0.87,,0.038,1.950,0.031,0.91,,0.038,-1.542,-0.047,0.02,
0.038,,,,-38.45,0.038,,,,36.74,0.038,,,,9.16
0.038,-1.420,-0.017,-0.87,,0.038,1.951,0.035,0.79,,0.038,0.366,-0.046,1.90,
0.038,,,,-38.57,0.038,,,,34.18,0.038,,,,209.35
0.038,-1.543,-0.020,-0.87,,0.038,1.922,0.039,0.65,,0.038,5.312,-0.025,6.15,
0.038,,,,-37.96,0.038,,,,25.39,0.038,,,,224.12
0.038,-1.667,-0.024,-0.87,,0.038,1.862,0.041,0.51,,0.038,4.164,-0.003,4.27,
0.038,,,,-36.99,0.038,,,,21.24,0.038,,,,155.15
0.038,-1.790,-0.028,-0.87,,0.038,1.772,0.043,0.35,,0.038,3.365,0.012,2.95,
0.038,,,,-37.96,0.038,,,,12.94,0.038,,,,106.08
0.038,-1.913,-0.032,-0.87,,0.038,1.655,0.044,0.19,,0.038,2.810,0.023,2.05,
0.038,,,,-38.21,0.038,,,,4.15,0.038,,,,73.97
0.039,-2.029,-0.036,-0.86,,0.039,1.511,0.045,0.03,,0.039,2.423,0.030,1.42,
0.039,,,,-32.35,0.039,,,,-0.98,0.039,,,,52.00
0.039,-1.778,-0.039,-0.50,,0.039,1.344,0.045,-0.13,,0.039,2.154,0.036,0.98,
0.039,,,,-13.43,0.039,,,,-6.96,0.039,,,,37.23
0.039,-1.395,-0.040,-0.07,,0.039,1.155,0.044,-0.30,,0.039,1.968,0.039,0.67,
0.039,,,,3.17,0.039,,,,-14.65,0.039,,,,25.76
0.039,-1.089,-0.040,0.23,,0.039,0.948,0.043,-0.46,,0.039,1.839,0.042,0.46,
0.039,,,,13.43,0.039,,,,-23.07,0.039,,,,17.21
0.039,-0.839,-0.038,0.43,,0.039,0.726,0.040,-0.60,,0.039,1.747,0.044,0.31,
0.039,,,,21.00,0.039,,,,-28.08,0.039,,,,12.57
0.039,-0.628,-0.036,0.57,,0.039,0.496,0.038,-0.74,,0.039,1.685,0.045,0.20,
0.039,,,,27.71,0.039,,,,-34.06,0.039,,,,7.20
0.039,-0.443,-0.034,0.67,,0.039,0.255,0.034,-0.87,,0.039,1.642,0.046,0.14,
0.039,,,,29.91,0.039,,,,-38.57,0.039,,,,6.96
0.039,-0.277,-0.031,0.73,,0.039,0.010,0.030,-0.99,,0.039,1.611,0.046,0.08,
0.039,,,,31.98,0.039,,,,-45.41,0.039,,,,3.91
0.039,-0.124,-0.027,0.78,,0.039,-0.237,0.026,-1.09,,0.039,1.591,0.047,0.05,
0.039,,,,33.33,0.039,,,,-46.75,0.039,,,,2.56
0.039,0.020,-0.024,0.81,,0.039,-0.477,0.021,-1.17,,0.039,1.575,0.047,0.02,
0.039,,,,35.52,0.039,,,,-51.27,0.039,,,,2.81
0.040,0.157,-0.021,0.83,,0.040,-0.710,0.016,-1.24,,0.040,1.565,0.047,0.01,
0.040,,,,35.64,0.040,,,,-56.40,0.040,,,,0.73
0.040,0.289,-0.017,0.85,,0.040,-0.934,0.010,-1.27,,0.040,1.558,0.047,0.00,
0.040,,,,36.50,0.040,,,,-54.32,0.040,,,,0.24
0.040,0.420,-0.013,0.86,,0.040,-1.141,0.005,-1.30,,0.040,1.553,0.047,-0.01,
0.040,,,,36.74,0.040,,,,-55.42,0.040,,,,1.34
0.040,0.549,-0.010,0.87,,0.040,-1.331,-7.019E-4,-1.31,,0.040,1.548,0.047,-0.02,
0.040,,,,37.96,0.040,,,,-56.40,0.040,,,,0.37
0.040,0.674,-0.006,0.87,,0.040,-1.499,-0.006,-1.29,,0.040,1.548,0.048,-0.02,
0.040,,,,38.45,0.040,,,,-55.54,0.040,,,,0.37
0.040,0.799,-0.002,0.87,,0.040,-1.645,-0.012,-1.25,,0.040,1.545,0.048,-0.02,
0.040,,,,35.40,0.040,,,,-52.98,0.040,,,,-0.73
0.040,0.924,0.002,0.87,,0.040,-1.765,-0.017,-1.20,,0.040,1.544,0.047,-0.02,
0.040,,,,40.77,0.040,,,,-48.83,0.040,,,,0.61
0.040,1.049,0.006,0.86,,0.040,-1.856,-0.022,-1.13,,0.040,1.543,0.048,-0.03,
0.040,,,,36.50,0.040,,,,-49.93,0.040,,,,1.83
0.040,1.172,0.009,0.87,,0.040,-1.918,-0.027,-1.03,,0.040,1.543,0.048,-0.03,
0.040,,,,37.96,0.040,,,,-42.36,0.040,,,,-1.59
0.040,1.296,0.013,0.86,,0.040,-1.950,-0.031,-0.92,,0.040,1.542,0.048,-0.03,
0.040,,,,36.87,0.040,,,,-36.99,0.040,,,,-8.54
0.041,1.420,0.017,0.87,,0.041,-1.950,-0.035,-0.79,,0.041,-0.366,0.047,-1.91,
0.041,,,,39.31,0.041,,,,-31.86,0.041,,,,-209.96
0.041,1.543,0.021,0.86,,0.041,-1.921,-0.038,-0.66,,0.041,-5.311,0.026,-6.16,
0.041,,,,37.11,0.041,,,,-26.25,0.041,,,,-221.80
0.041,1.667,0.024,0.86,,0.041,-1.862,-0.041,-0.51,,0.041,-4.161,0.004,-4.28,
0.041,,,,38.82,0.041,,,,-19.78,0.041,,,,-156.01
0.041,1.790,0.028,0.86,,0.041,-1.772,-0.043,-0.36,,0.041,-3.363,-0.012,-2.97,
0.041,,,,37.96,0.041,,,,-13.92,0.041,,,,-107.54
0.041,1.913,0.032,0.86,,0.041,-1.655,-0.044,-0.20,,0.041,-2.809,-0.023,-2.06,
0.041,,,,37.35,0.041,,,,-5.86,0.041,,,,-75.07
0.041,2.029,0.036,0.85,,0.041,-1.511,-0.045,-0.03,,0.041,-2.422,-0.030,-1.42,
0.041,,,,31.25,0.041,,,,1.83,0.041,,,,-52.86
0.041,1.780,0.039,0.50,,0.041,-1.344,-0.045,0.13,,0.041,-2.154,-0.036,-0.98,
0.041,,,,13.55,0.041,,,,6.96,0.041,,,,-35.16
0.041,1.394,0.040,0.06,,0.041,-1.155,-0.044,0.29,,0.041,-1.967,-0.039,-0.68,
0.041,,,,-2.32,0.041,,,,15.26,0.041,,,,-25.27
0.041,1.089,0.040,-0.23,,0.041,-0.948,-0.042,0.45,,0.041,-1.837,-0.042,-0.46,
0.041,,,,-14.40,0.041,,,,22.34,0.041,,,,-17.21
0.041,0.839,0.039,-0.44,,0.041,-0.726,-0.040,0.60,,0.041,-1.748,-0.043,-0.32,
0.041,,,,-19.90,0.041,,,,29.66,0.041,,,,-12.08
0.042,0.628,0.037,-0.58,,0.042,-0.493,-0.037,0.73,,0.042,-1.684,-0.045,-0.21,
0.042,,,,-27.10,0.042,,,,32.35,0.042,,,,-9.77
0.042,0.444,0.034,-0.67,,0.042,-0.253,-0.034,0.87,,0.042,-1.641,-0.046,-0.14,
0.042,,,,-29.42,0.042,,,,39.67,0.042,,,,-3.91
0.042,0.279,0.031,-0.74,,0.042,-0.008,-0.030,0.98,,0.042,-1.610,-0.046,-0.09,
0.042,,,,-32.96,0.042,,,,43.70,0.042,,,,-6.10
0.042,0.126,0.028,-0.79,,0.042,0.238,-0.026,1.08,,0.042,-1.590,-0.047,-0.05,
0.042,,,,-33.33,0.042,,,,49.80,0.042,,,,-2.08
0.042,-0.018,0.024,-0.82,,0.042,0.479,-0.021,1.16,,0.042,-1.575,-0.047,-0.03,
0.042,,,,-35.28,0.042,,,,51.76,0.042,,,,-1.95
0.042,-0.155,0.021,-0.84,,0.042,0.712,-0.015,1.22,,0.042,-1.564,-0.047,-0.01,
0.042,,,,-35.64,0.042,,,,51.51,0.042,,,,-1.22
0.042,-0.288,0.017,-0.86,,0.042,0.934,-0.010,1.27,,0.042,-1.558,-0.047,0.00,
0.042,,,,-37.35,0.042,,,,58.35,0.042,,,,-0.37
0.042,-0.418,0.014,-0.86,,0.042,1.143,-0.004,1.29,,0.042,-1.552,-0.047,0.00,
0.042,,,,-37.11,0.042,,,,54.08,0.042,,,,-1.59
0.042,-0.547,0.010,-0.87,,0.042,1.333,9.583E-4,1.30,,0.042,-1.549,-0.047,0.01,
0.042,,,,-38.70,0.042,,,,56.03,0.042,,,,-0.85
0.042,-0.673,0.006,-0.87,,0.042,1.500,0.007,1.28,,0.042,-1.547,-0.047,0.02,
0.042,,,,-36.38,0.042,,,,55.79,0.042,,,,-0.85
0.043,-0.798,0.002,-0.87,,0.043,1.646,0.012,1.25,,0.043,-1.546,-0.047,0.02,
0.043,,,,-37.60,0.043,,,,53.10,0.043,,,,0.73
0.043,-0.924,-0.001,-0.88,,0.043,1.765,0.017,1.19,,0.043,-1.544,-0.047,0.02,
0.043,,,,-37.35,0.043,,,,50.66,0.043,,,,-0.49
0.043,-1.047,-0.005,-0.88,,0.043,1.857,0.023,1.11,,0.043,-1.543,-0.047,0.02,
0.043,,,,-37.84,0.043,,,,46.63,0.043,,,,-0.85
0.043,-1.172,-0.009,-0.88,,0.043,1.918,0.027,1.02,,0.043,-1.543,-0.048,0.02,
0.043,,,,-36.99,0.043,,,,43.09,0.043,,,,0.98
0.043,-1.295,-0.013,-0.88,,0.043,1.950,0.031,0.91,,0.043,-1.543,-0.047,0.02,
0.043,,,,-39.06,0.043,,,,38.09,0.043,,,,9.03
0.043,-1.419,-0.017,-0.87,,0.043,1.951,0.035,0.79,,0.043,0.366,-0.047,1.90,
0.043,,,,-37.84,0.043,,,,31.25,0.043,,,,210.21
0.043,-1.543,-0.020,-0.87,,0.043,1.921,0.038,0.65,,0.043,5.312,-0.025,6.15,
0.043,,,,-37.60,0.043,,,,26.49,0.043,,,,222.78
0.043,-1.667,-0.024,-0.87,,0.043,1.862,0.041,0.51,,0.043,4.163,-0.003,4.27,
0.043,,,,-38.45,0.043,,,,20.02,0.043,,,,154.79
0.043,-1.790,-0.028,-0.87,,0.043,1.772,0.043,0.35,,0.043,3.364,0.012,2.96,
0.043,,,,-38.33,0.043,,,,13.43,0.043,,,,108.89
0.043,-1.913,-0.032,-0.86,,0.043,1.655,0.044,0.19,,0.043,2.810,0.023,2.05,
0.043,,,,-38.21,0.043,,,,6.47,0.043,,,,74.83
0.044,-2.028,-0.036,-0.85,,0.044,1.511,0.045,0.02,,0.044,2.424,0.031,1.41,
0.044,,,,-30.88,0.044,,,,-2.32,0.044,,,,51.88
0.044,-1.779,-0.039,-0.50,,0.044,1.344,0.045,-0.14,,0.044,2.155,0.036,0.97,
0.044,,,,-13.92,0.044,,,,-7.08,0.044,,,,36.13
0.044,-1.393,-0.040,-0.07,,0.044,1.156,0.044,-0.30,,0.044,1.968,0.039,0.67,
0.044,,,,3.05,0.044,,,,-14.77,0.044,,,,24.78
0.044,-1.088,-0.040,0.23,,0.044,0.950,0.043,-0.46,,0.044,1.837,0.042,0.45,
0.044,,,,12.82,0.044,,,,-21.97,0.044,,,,17.33
0.044,-0.839,-0.039,0.43,,0.044,0.727,0.040,-0.61,,0.044,1.749,0.044,0.31,
0.044,,,,21.61,0.044,,,,-28.69,0.044,,,,12.94
0.044,-0.628,-0.036,0.57,,0.044,0.495,0.038,-0.75,,0.044,1.685,0.045,0.20,
0.044,,,,26.25,0.044,,,,-34.42,0.044,,,,7.57
0.044,-0.443,-0.034,0.67,,0.044,0.254,0.034,-0.87,,0.044,1.642,0.046,0.13,
0.044,,,,30.40,0.044,,,,-39.18,0.044,,,,6.96
0.044,-0.277,-0.031,0.74,,0.044,0.009,0.030,-0.99,,0.044,1.612,0.046,0.08,
0.044,,,,32.23,0.044,,,,-46.02,0.044,,,,3.54
0.044,-0.124,-0.027,0.78,,0.044,-0.237,0.026,-1.08,,0.044,1.590,0.047,0.05,
0.044,,,,34.42,0.044,,,,-45.65,0.044,,,,1.59
0.044,0.020,-0.024,0.81,,0.044,-0.477,0.021,-1.17,,0.044,1.574,0.047,0.03,
0.044,,,,36.25,0.044,,,,-52.49,0.044,,,,2.08
0.045,0.158,-0.020,0.83,,0.045,-0.711,0.016,-1.23,,0.045,1.565,0.047,0.01,
0.045,,,,34.42,0.045,,,,-52.37,0.045,,,,1.95
0.045,0.290,-0.017,0.85,,0.045,-0.933,0.011,-1.28,,0.045,1.557,0.047,0.00,
0.045,,,,36.50,0.045,,,,-55.91,0.045,,,,1.34
0.045,0.421,-0.013,0.86,,0.045,-1.140,0.005,-1.30,,0.045,1.553,0.047,-0.01,
0.045,,,,38.33,0.045,,,,-57.50,0.045,,,,0.00
0.045,0.550,-0.009,0.86,,0.045,-1.332,-7.751E-4,-1.31,,0.045,1.549,0.047,-0.02,
0.045,,,,36.87,0.045,,,,-55.79,0.045,,,,1.46
0.045,0.674,-0.006,0.87,,0.045,-1.501,-0.006,-1.29,,0.045,1.548,0.048,-0.02,
0.045,,,,38.21,0.045,,,,-54.93,0.045,,,,0.00
0.045,0.800,-0.002,0.87,,0.045,-1.644,-0.012,-1.25,,0.045,1.546,0.048,-0.02,
0.045,,,,36.74,0.045,,,,-52.73,0.045,,,,-0.24
0.045,0.924,0.002,0.87,,0.045,-1.764,-0.017,-1.20,,0.045,1.544,0.048,-0.03,
0.045,,,,37.60,0.045,,,,-50.29,0.045,,,,1.95
0.045,1.049,0.005,0.87,,0.045,-1.856,-0.022,-1.12,,0.045,1.544,0.048,-0.03,
0.045,,,,38.45,0.045,,,,-48.34,0.045,,,,-2.81
0.045,1.173,0.009,0.87,,0.045,-1.918,-0.027,-1.03,,0.045,1.543,0.047,-0.02,
0.045,,,,36.74,0.045,,,,-42.11,0.045,,,,1.83
0.045,1.296,0.013,0.87,,0.045,-1.948,-0.031,-0.92,,0.045,1.543,0.048,-0.03,
0.045,,,,38.57,0.045,,,,-38.09,0.045,,,,-10.86
0.045,1.420,0.017,0.87,,0.045,-1.950,-0.035,-0.79,,0.045,-0.367,0.047,-1.90,
0.046,,,,38.09,0.046,,,,-31.98,0.046,,,,-209.59
0.046,1.543,0.021,0.86,,0.046,-1.921,-0.038,-0.66,,0.046,-5.311,0.026,-6.16,
0.046,,,,38.57,0.046,,,,-26.98,0.046,,,,-221.56
0.046,1.667,0.024,0.86,,0.046,-1.862,-0.041,-0.51,,0.046,-4.162,0.003,-4.28,
0.046,,,,37.84,0.046,,,,-19.29,0.046,,,,-154.91
0.046,1.790,0.028,0.86,,0.046,-1.771,-0.043,-0.36,,0.046,-3.363,-0.012,-2.97,
0.046,,,,37.96,0.046,,,,-13.31,0.046,,,,-106.93
0.046,1.913,0.032,0.85,,0.046,-1.654,-0.044,-0.20,,0.046,-2.808,-0.023,-2.06,
0.046,,,,37.48,0.046,,,,-5.37,0.046,,,,-74.58
0.046,2.030,0.036,0.85,,0.046,-1.510,-0.045,-0.04,,0.046,-2.422,-0.030,-1.43,
0.046,,,,31.86,0.046,,,,-0.85,0.046,,,,-54.08
0.046,1.779,0.039,0.49,,0.046,-1.344,-0.045,0.13,,0.046,-2.153,-0.036,-0.98,
0.046,,,,12.33,0.046,,,,9.64,0.046,,,,-35.77
0.046,1.395,0.040,0.07,,0.046,-1.155,-0.044,0.29,,0.046,-1.967,-0.039,-0.67,
0.046,,,,-3.30,0.046,,,,15.26,0.046,,,,-25.63
0.046,1.089,0.040,-0.23,,0.046,-0.948,-0.042,0.45,,0.046,-1.838,-0.042,-0.46,
0.046,,,,-13.31,0.046,,,,22.22,0.046,,,,-15.50
0.046,0.838,0.039,-0.43,,0.046,-0.726,-0.040,0.60,,0.046,-1.746,-0.043,-0.32,
0.046,,,,-20.39,0.046,,,,28.69,0.046,,,,-13.06
0.047,0.629,0.037,-0.58,,0.047,-0.493,-0.037,0.73,,0.047,-1.684,-0.045,-0.21,
0.047,,,,-25.88,0.047,,,,32.47,0.047,,,,-10.13
0.047,0.445,0.034,-0.68,,0.047,-0.253,-0.034,0.87,,0.047,-1.641,-0.046,-0.14,
0.047,,,,-30.40,0.047,,,,40.65,0.047,,,,-5.13
0.047,0.279,0.031,-0.74,,0.047,-0.006,-0.030,0.98,,0.047,-1.611,-0.046,-0.09,
0.047,,,,-31.74,0.047,,,,43.58,0.047,,,,-3.17
0.047,0.126,0.028,-0.79,,0.047,0.239,-0.026,1.08,,0.047,-1.589,-0.046,-0.06,
0.047,,,,-33.69,0.047,,,,48.71,0.047,,,,-2.69
0.047,-0.018,0.024,-0.82,,0.047,0.479,-0.021,1.16,,0.047,-1.574,-0.047,-0.03,
0.047,,,,-35.89,0.047,,,,51.64,0.047,,,,-2.69
0.047,-0.155,0.021,-0.84,,0.047,0.713,-0.015,1.22,,0.047,-1.564,-0.047,-0.01,
0.047,,,,-36.38,0.047,,,,53.47,0.047,,,,-1.34
0.047,-0.289,0.017,-0.85,,0.047,0.935,-0.010,1.27,,0.047,-1.558,-0.047,0.00,
0.047,,,,-35.16,0.047,,,,53.83,0.047,,,,-0.12
0.047,-0.418,0.014,-0.87,,0.047,1.142,-0.005,1.30,,0.047,-1.553,-0.047,0.00,
0.047,,,,-38.82,0.047,,,,57.50,0.047,,,,-0.12
0.047,-0.547,0.010,-0.87,,0.047,1.332,9.827E-4,1.30,,0.047,-1.549,-0.047,0.01,
0.047,,,,-37.48,0.047,,,,56.03,0.047,,,,-1.22
0.047,-0.673,0.006,-0.87,,0.047,1.501,0.007,1.28,,0.047,-1.546,-0.047,0.01,
0.047,,,,-36.87,0.047,,,,56.76,0.047,,,,-0.98
0.047,-0.798,0.002,-0.87,,0.047,1.646,0.012,1.24,,0.047,-1.545,-0.047,0.02,
0.048,,,,-37.96,0.048,,,,51.76,0.048,,,,0.12
0.048,-0.923,-0.001,-0.87,,0.048,1.765,0.017,1.19,,0.048,-1.543,-0.047,0.02,
0.048,,,,-38.33,0.048,,,,51.15,0.048,,,,-0.49
0.048,-1.048,-0.005,-0.87,,0.048,1.857,0.023,1.11,,0.048,-1.543,-0.047,0.02,
0.048,,,,-35.64,0.048,,,,45.53,0.048,,,,-0.49
0.048,-1.171,-0.009,-0.88,,0.048,1.918,0.027,1.02,,0.048,-1.543,-0.047,0.02,
0.048,,,,-40.53,0.048,,,,42.36,0.048,,,,0.49
0.048,-1.296,-0.013,-0.87,,0.048,1.951,0.031,0.92,,0.048,-1.542,-0.047,0.02,
0.048,,,,-36.62,0.048,,,,39.18,0.048,,,,8.79
0.048,-1.419,-0.017,-0.87,,0.048,1.952,0.035,0.79,,0.048,0.369,-0.046,1.90,
0.048,,,,-37.96,0.048,,,,31.25,0.048,,,,211.06
0.048,-1.543,-0.020,-0.87,,0.048,1.922,0.038,0.66,,0.048,5.313,-0.025,6.15,
0.048,,,,-37.72,0.048,,,,26.49,0.048,,,,221.92
0.048,-1.666,-0.024,-0.87,,0.048,1.861,0.041,0.51,,0.048,4.161,-0.003,4.27,
0.048,,,,-38.33,0.048,,,,21.36,0.048,,,,156.25
0.048,-1.790,-0.028,-0.87,,0.048,1.773,0.043,0.35,,0.048,3.363,0.012,2.95,
0.048,,,,-37.84,0.048,,,,12.94,0.048,,,,105.71
0.048,-1.913,-0.032,-0.86,,0.048,1.655,0.044,0.19,,0.048,2.810,0.023,2.05,
0.048,,,,-37.84,0.048,,,,5.37,0.048,,,,74.10
0.049,-2.029,-0.036,-0.86,,0.049,1.512,0.045,0.03,,0.049,2.423,0.030,1.42,
0.049,,,,-31.62,0.049,,,,-0.73,0.049,,,,52.73
0.049,-1.779,-0.039,-0.50,,0.049,1.344,0.045,-0.14,,0.049,2.154,0.036,0.98,
0.049,,,,-13.67,0.049,,,,-9.52,0.049,,,,37.96
0.049,-1.394,-0.040,-0.07,,0.049,1.155,0.044,-0.30,,0.049,1.969,0.039,0.67,
0.049,,,,2.20,0.049,,,,-14.40,0.049,,,,24.54
0.049,-1.089,-0.040,0.23,,0.049,0.949,0.043,-0.46,,0.049,1.838,0.042,0.45,
0.049,,,,14.04,0.049,,,,-21.24,0.049,,,,18.80
0.049,-0.838,-0.038,0.43,,0.049,0.727,0.040,-0.61,,0.049,1.748,0.044,0.30,
0.049,,,,20.87,0.049,,,,-29.05,0.049,,,,10.25
0.049,-0.628,-0.036,0.57,,0.049,0.494,0.038,-0.74,,0.049,1.685,0.045,0.20,
0.049,,,,26.12,0.049,,,,-33.33,0.049,,,,9.03
0.049,-0.443,-0.034,0.67,,0.049,0.253,0.034,-0.87,,0.049,1.642,0.046,0.13,
0.049,,,,28.93,0.049,,,,-39.31,0.049,,,,5.62
0.049,-0.278,-0.031,0.74,,0.049,0.009,0.030,-0.99,,0.049,1.611,0.046,0.08,
0.049,,,,34.91,0.049,,,,-44.43,0.049,,,,4.27
0.049,-0.124,-0.027,0.78,,0.049,-0.237,0.026,-1.09,,0.049,1.590,0.047,0.05,
0.049,,,,32.35,0.049,,,,-48.95,0.049,,,,4.15
0.049,0.019,-0.024,0.82,,0.049,-0.478,0.021,-1.17,,0.049,1.576,0.047,0.02,
0.049,,,,36.13,0.049,,,,-50.17,0.049,,,,-1.22
0.050,0.157,-0.021,0.83,,0.050,-0.711,0.016,-1.24,,0.050,1.564,0.047,0.01,
0.050,,,,36.13,0.050,,,,-55.18,0.050,,,,2.93
0.050,0.291,-0.017,0.85,,0.050,-0.934,0.010,-1.28,,0.050,1.558,0.047,0.00,
0.050,,,,36.38,0.050,,,,-54.32,0.050,,,,0.12
0.050,0.421,-0.013,0.86,,0.050,-1.140,0.005,-1.30,,0.050,1.553,0.047,-0.01,
0.050,,,,36.74,0.050,,,,-57.13,0.050,,,,2.32
0.050,0.548,-0.010,0.87,,0.050,-1.331,-7.751E-4,-1.31,,0.050,1.550,0.048,-0.02,
0.050,,,,38.94,0.050,,,,-57.62,0.050,,,,0.37
0.050,0.675,-0.006,0.86,,0.050,-1.501,-0.007,-1.28,,0.050,1.547,0.048,-0.02,
0.050,,,,37.48,0.050,,,,-54.81,0.050,,,,0.24
0.050,0.800,-0.002,0.87,,0.050,-1.647,-0.012,-1.25,,0.050,1.545,0.048,-0.03,
